target,model_name,split_or_fold,metric,point_estimate,ci_method,ci_lower_95,ci_upper_95,n_bootstrap,n_obs,n_pos,notes
label_a_abs,naive_drawdown_baseline,fixed_test_2024_plus,AUROC,0.6399103299856528,firm_year_block_bootstrap,0.5134052866471147,0.7280741611633402,300,1782,82,Formal model excludes placeholder financial features.
label_a_abs,naive_drawdown_baseline,fixed_test_2024_plus,AUPRC,0.11363607995948172,firm_year_block_bootstrap,0.040057674374276625,0.2104881608785281,300,1782,82,Formal model excludes placeholder financial features.
label_a_abs,naive_drawdown_baseline,fixed_test_2024_plus,top_decile_capture,0.23170731707317074,firm_year_block_bootstrap,0.05811688311688312,0.4113250740640988,300,1782,82,Formal model excludes placeholder financial features.
label_a_abs,naive_drawdown_baseline,fixed_test_2024_plus,top_quintile_capture,0.32926829268292684,firm_year_block_bootstrap,0.125,0.5151676829268291,300,1782,82,Formal model excludes placeholder financial features.
label_a_abs,naive_drawdown_baseline,fixed_test_2024_plus,brier,0.13383587257979973,firm_year_block_bootstrap,0.11108523409098281,0.15844295064361943,300,1782,82,Formal model excludes placeholder financial features.
label_a_abs,naive_momentum_vol_baseline,fixed_test_2024_plus,AUROC,0.7013199426111908,firm_year_block_bootstrap,0.5535173605765221,0.8203629812031087,300,1782,82,Formal model excludes placeholder financial features.
label_a_abs,naive_momentum_vol_baseline,fixed_test_2024_plus,AUPRC,0.12417500371351772,firm_year_block_bootstrap,0.043778778529118004,0.24628530856621011,300,1782,82,Formal model excludes placeholder financial features.
label_a_abs,naive_momentum_vol_baseline,fixed_test_2024_plus,top_decile_capture,0.2804878048780488,firm_year_block_bootstrap,0.09019674355495251,0.47982954545454537,300,1782,82,Formal model excludes placeholder financial features.
label_a_abs,naive_momentum_vol_baseline,fixed_test_2024_plus,top_quintile_capture,0.43902439024390244,firm_year_block_bootstrap,0.1689815997955533,0.6259242957746479,300,1782,82,Formal model excludes placeholder financial features.
label_a_abs,naive_momentum_vol_baseline,fixed_test_2024_plus,brier,0.04360350453862499,firm_year_block_bootstrap,0.026011002135308922,0.06386695699852495,300,1782,82,Formal model excludes placeholder financial features.
label_a_abs,macro_only_logit,fixed_test_2024_plus,AUROC,0.5575251076040172,firm_year_block_bootstrap,0.4486622185652759,0.6354861756742632,300,1782,82,Formal model excludes placeholder financial features.
label_a_abs,macro_only_logit,fixed_test_2024_plus,AUPRC,0.05950142627165433,firm_year_block_bootstrap,0.026229296672514866,0.09551707965185682,300,1782,82,Formal model excludes placeholder financial features.
label_a_abs,macro_only_logit,fixed_test_2024_plus,top_decile_capture,0.12195121951219512,firm_year_block_bootstrap,0.05040254237288136,0.17687499999999992,300,1782,82,Formal model excludes placeholder financial features.
label_a_abs,macro_only_logit,fixed_test_2024_plus,top_quintile_capture,0.24390243902439024,firm_year_block_bootstrap,0.1423589093214965,0.3333333333333333,300,1782,82,Formal model excludes placeholder financial features.
label_a_abs,macro_only_logit,fixed_test_2024_plus,brier,0.063673372039468,firm_year_block_bootstrap,0.05093264895276806,0.07797671124359352,300,1782,82,Formal model excludes placeholder financial features.
label_a_abs,price_relative_logit,fixed_test_2024_plus,AUROC,0.6987374461979914,firm_year_block_bootstrap,0.5505026833693646,0.8175862420192346,300,1782,82,Formal model excludes placeholder financial features.
label_a_abs,price_relative_logit,fixed_test_2024_plus,AUPRC,0.12274123687803083,firm_year_block_bootstrap,0.04372816370634582,0.24634887393352675,300,1782,82,Formal model excludes placeholder financial features.
label_a_abs,price_relative_logit,fixed_test_2024_plus,top_decile_capture,0.2926829268292683,firm_year_block_bootstrap,0.09242294520547946,0.4781249999999998,300,1782,82,Formal model excludes placeholder financial features.
label_a_abs,price_relative_logit,fixed_test_2024_plus,top_quintile_capture,0.43902439024390244,firm_year_block_bootstrap,0.17587209302325582,0.6292456140350876,300,1782,82,Formal model excludes placeholder financial features.
label_a_abs,price_relative_logit,fixed_test_2024_plus,brier,0.04364369493660164,firm_year_block_bootstrap,0.026034758487749048,0.0639541932469725,300,1782,82,Formal model excludes placeholder financial features.
label_a_abs,price_macro_logit,fixed_test_2024_plus,AUROC,0.7230057388809182,firm_year_block_bootstrap,0.5776407726730058,0.8416580203484584,300,1782,82,Formal model excludes placeholder financial features.
label_a_abs,price_macro_logit,fixed_test_2024_plus,AUPRC,0.14738334807785414,firm_year_block_bootstrap,0.04763524482624709,0.2858974793631053,300,1782,82,Formal model excludes placeholder financial features.
label_a_abs,price_macro_logit,fixed_test_2024_plus,top_decile_capture,0.36585365853658536,firm_year_block_bootstrap,0.09284274193548388,0.5532454361054766,300,1782,82,Formal model excludes placeholder financial features.
label_a_abs,price_macro_logit,fixed_test_2024_plus,top_quintile_capture,0.45121951219512196,firm_year_block_bootstrap,0.16923787779952162,0.6393132530120481,300,1782,82,Formal model excludes placeholder financial features.
label_a_abs,price_macro_logit,fixed_test_2024_plus,brier,0.08184463198434355,firm_year_block_bootstrap,0.06507889224696194,0.09846155165437781,300,1782,82,Formal model excludes placeholder financial features.
label_a_rel,naive_drawdown_baseline,fixed_test_2024_plus,AUROC,0.5699607890450624,firm_year_block_bootstrap,0.48091372955453066,0.6367212867294486,300,1782,275,Formal model excludes placeholder financial features.
label_a_rel,naive_drawdown_baseline,fixed_test_2024_plus,AUPRC,0.21959474739443305,firm_year_block_bootstrap,0.1457472130660918,0.30389074556996376,300,1782,275,Formal model excludes placeholder financial features.
label_a_rel,naive_drawdown_baseline,fixed_test_2024_plus,top_decile_capture,0.17454545454545456,firm_year_block_bootstrap,0.08892198248905567,0.24302832244008704,300,1782,275,Formal model excludes placeholder financial features.
label_a_rel,naive_drawdown_baseline,fixed_test_2024_plus,top_quintile_capture,0.2727272727272727,firm_year_block_bootstrap,0.17137841205119494,0.36321301247771837,300,1782,275,Formal model excludes placeholder financial features.
label_a_rel,naive_drawdown_baseline,fixed_test_2024_plus,brier,0.17805907925270992,firm_year_block_bootstrap,0.15149362123113227,0.20526783977525348,300,1782,275,Formal model excludes placeholder financial features.
label_a_rel,naive_momentum_vol_baseline,fixed_test_2024_plus,AUROC,0.6449948724135851,firm_year_block_bootstrap,0.54315811270846,0.7238035832190353,300,1782,275,Formal model excludes placeholder financial features.
label_a_rel,naive_momentum_vol_baseline,fixed_test_2024_plus,AUPRC,0.24217437419074336,firm_year_block_bootstrap,0.15642148001352182,0.3442459205177129,300,1782,275,Formal model excludes placeholder financial features.
label_a_rel,naive_momentum_vol_baseline,fixed_test_2024_plus,top_decile_capture,0.18545454545454546,firm_year_block_bootstrap,0.09271368059710894,0.2739816647567454,300,1782,275,Formal model excludes placeholder financial features.
label_a_rel,naive_momentum_vol_baseline,fixed_test_2024_plus,top_quintile_capture,0.32727272727272727,firm_year_block_bootstrap,0.19962633451957296,0.43256692819069287,300,1782,275,Formal model excludes placeholder financial features.
label_a_rel,naive_momentum_vol_baseline,fixed_test_2024_plus,brier,0.12900957307256483,firm_year_block_bootstrap,0.10053254806954748,0.15580707021280635,300,1782,275,Formal model excludes placeholder financial features.
label_a_rel,macro_only_logit,fixed_test_2024_plus,AUROC,0.5617638897267299,firm_year_block_bootstrap,0.5009452943758255,0.6138368471087853,300,1782,275,Formal model excludes placeholder financial features.
label_a_rel,macro_only_logit,fixed_test_2024_plus,AUPRC,0.17650510290620086,firm_year_block_bootstrap,0.12391483684486776,0.23818064121751192,300,1782,275,Formal model excludes placeholder financial features.
label_a_rel,macro_only_logit,fixed_test_2024_plus,top_decile_capture,0.09454545454545454,firm_year_block_bootstrap,0.07131476004198073,0.12450903498654363,300,1782,275,Formal model excludes placeholder financial features.
label_a_rel,macro_only_logit,fixed_test_2024_plus,top_quintile_capture,0.23636363636363636,firm_year_block_bootstrap,0.18746468926553672,0.2735403256342295,300,1782,275,Formal model excludes placeholder financial features.
label_a_rel,macro_only_logit,fixed_test_2024_plus,brier,0.1376958386708166,firm_year_block_bootstrap,0.11849284840255836,0.15776630357494914,300,1782,275,Formal model excludes placeholder financial features.
label_a_rel,price_relative_logit,fixed_test_2024_plus,AUROC,0.6449683296133196,firm_year_block_bootstrap,0.5431363534716154,0.7238024572288612,300,1782,275,Formal model excludes placeholder financial features.
label_a_rel,price_relative_logit,fixed_test_2024_plus,AUPRC,0.2422021453578948,firm_year_block_bootstrap,0.15638570547360922,0.34435487424558414,300,1782,275,Formal model excludes placeholder financial features.
label_a_rel,price_relative_logit,fixed_test_2024_plus,top_decile_capture,0.18181818181818182,firm_year_block_bootstrap,0.09204178098937817,0.27472554539057,300,1782,275,Formal model excludes placeholder financial features.
label_a_rel,price_relative_logit,fixed_test_2024_plus,top_quintile_capture,0.3236363636363636,firm_year_block_bootstrap,0.19962633451957296,0.4338468384799938,300,1782,275,Formal model excludes placeholder financial features.
label_a_rel,price_relative_logit,fixed_test_2024_plus,brier,0.12901362179725748,firm_year_block_bootstrap,0.10053729836446208,0.1558116696057971,300,1782,275,Formal model excludes placeholder financial features.
label_a_rel,price_macro_logit,fixed_test_2024_plus,AUROC,0.6570525426796163,firm_year_block_bootstrap,0.5522071578354039,0.7363958682166108,300,1782,275,Formal model excludes placeholder financial features.
label_a_rel,price_macro_logit,fixed_test_2024_plus,AUPRC,0.264707948293788,firm_year_block_bootstrap,0.16835008237773166,0.37949550499883505,300,1782,275,Formal model excludes placeholder financial features.
label_a_rel,price_macro_logit,fixed_test_2024_plus,top_decile_capture,0.2109090909090909,firm_year_block_bootstrap,0.10546464646464647,0.2965962543554007,300,1782,275,Formal model excludes placeholder financial features.
label_a_rel,price_macro_logit,fixed_test_2024_plus,top_quintile_capture,0.3418181818181818,firm_year_block_bootstrap,0.21907036870503596,0.44682892652613615,300,1782,275,Formal model excludes placeholder financial features.
label_a_rel,price_macro_logit,fixed_test_2024_plus,brier,0.14870363522460472,firm_year_block_bootstrap,0.12734535081835066,0.16727564701491612,300,1782,275,Formal model excludes placeholder financial features.
