target,comparison,split_or_fold,metric,main_model_point,baseline_point,point_difference,ci_method,ci_lower_95,ci_upper_95,ci_crosses_zero,n_bootstrap,n_obs,n_pos,interpretation
label_a_abs,price_macro_logit_minus_macro_only_logit,fixed_test_2024_plus,AUROC,0.7230057388809182,0.5575251076040172,0.16548063127690105,paired_firm_year_block_bootstrap,0.020589011777424227,0.31720955145729224,0,300,1782,82,incremental-over-momentum/macro comparison; paired on identical firm-month observations
label_a_abs,price_macro_logit_minus_macro_only_logit,fixed_test_2024_plus,AUPRC,0.14738334807785414,0.05950142627165433,0.0878819218061998,paired_firm_year_block_bootstrap,0.00577848659708432,0.20822328035822787,0,300,1782,82,incremental-over-momentum/macro comparison; paired on identical firm-month observations
label_a_abs,price_macro_logit_minus_macro_only_logit,fixed_test_2024_plus,top_decile_capture,0.36585365853658536,0.12195121951219512,0.24390243902439024,paired_firm_year_block_bootstrap,-0.013553113553113557,0.4209653741014478,1,300,1782,82,incremental-over-momentum/macro comparison; paired on identical firm-month observations
label_a_abs,price_macro_logit_minus_macro_only_logit,fixed_test_2024_plus,top_quintile_capture,0.45121951219512196,0.24390243902439024,0.20731707317073172,paired_firm_year_block_bootstrap,-0.07074829931972786,0.4201826342671412,1,300,1782,82,incremental-over-momentum/macro comparison; paired on identical firm-month observations
label_a_abs,price_macro_logit_minus_macro_only_logit,fixed_test_2024_plus,brier,0.08184463198434355,0.063673372039468,0.018171259944875548,paired_firm_year_block_bootstrap,0.00678175495774,0.030432672378991263,0,300,1782,82,incremental-over-momentum/macro comparison; paired on identical firm-month observations
label_a_abs,price_macro_logit_minus_naive_drawdown_baseline,fixed_test_2024_plus,AUROC,0.7230057388809182,0.6399103299856528,0.08309540889526545,paired_firm_year_block_bootstrap,0.00032886483017315353,0.1582716190903612,0,300,1782,82,incremental-over-momentum/macro comparison; paired on identical firm-month observations
label_a_abs,price_macro_logit_minus_naive_drawdown_baseline,fixed_test_2024_plus,AUPRC,0.14738334807785414,0.11363607995948172,0.03374726811837242,paired_firm_year_block_bootstrap,-0.01241436715713036,0.12510419869382275,1,300,1782,82,incremental-over-momentum/macro comparison; paired on identical firm-month observations
label_a_abs,price_macro_logit_minus_naive_drawdown_baseline,fixed_test_2024_plus,top_decile_capture,0.36585365853658536,0.23170731707317074,0.13414634146341461,paired_firm_year_block_bootstrap,-0.0311837029893925,0.27563241106719355,1,300,1782,82,incremental-over-momentum/macro comparison; paired on identical firm-month observations
label_a_abs,price_macro_logit_minus_naive_drawdown_baseline,fixed_test_2024_plus,top_quintile_capture,0.45121951219512196,0.32926829268292684,0.12195121951219512,paired_firm_year_block_bootstrap,-0.03452274754683318,0.26553359993726966,1,300,1782,82,incremental-over-momentum/macro comparison; paired on identical firm-month observations
label_a_abs,price_macro_logit_minus_naive_drawdown_baseline,fixed_test_2024_plus,brier,0.08184463198434355,0.13383587257979973,-0.05199124059545618,paired_firm_year_block_bootstrap,-0.06272588938714976,-0.04012582739369956,0,300,1782,82,incremental-over-momentum/macro comparison; paired on identical firm-month observations
label_a_abs,price_macro_logit_minus_naive_momentum_vol_baseline,fixed_test_2024_plus,AUROC,0.7230057388809182,0.7013199426111908,0.021685796269727442,paired_firm_year_block_bootstrap,0.003055772055389988,0.0386654706349573,0,300,1782,82,incremental-over-momentum/macro comparison; paired on identical firm-month observations
label_a_abs,price_macro_logit_minus_naive_momentum_vol_baseline,fixed_test_2024_plus,AUPRC,0.14738334807785414,0.12417500371351772,0.023208344364336414,paired_firm_year_block_bootstrap,-0.012003691494620862,0.06572343571331961,1,300,1782,82,incremental-over-momentum/macro comparison; paired on identical firm-month observations
label_a_abs,price_macro_logit_minus_naive_momentum_vol_baseline,fixed_test_2024_plus,top_decile_capture,0.36585365853658536,0.2804878048780488,0.08536585365853655,paired_firm_year_block_bootstrap,-0.028009304128707103,0.1646874999999999,1,300,1782,82,incremental-over-momentum/macro comparison; paired on identical firm-month observations
label_a_abs,price_macro_logit_minus_naive_momentum_vol_baseline,fixed_test_2024_plus,top_quintile_capture,0.45121951219512196,0.43902439024390244,0.012195121951219523,paired_firm_year_block_bootstrap,-0.06614754098360656,0.0518662728249194,1,300,1782,82,incremental-over-momentum/macro comparison; paired on identical firm-month observations
label_a_abs,price_macro_logit_minus_naive_momentum_vol_baseline,fixed_test_2024_plus,brier,0.08184463198434355,0.04360350453862499,0.03824112744571856,paired_firm_year_block_bootstrap,0.0258361880516568,0.04916673246808246,0,300,1782,82,incremental-over-momentum/macro comparison; paired on identical firm-month observations
label_a_rel,price_macro_logit_minus_macro_only_logit,fixed_test_2024_plus,AUROC,0.6570525426796163,0.5617638897267299,0.09528865295288647,paired_firm_year_block_bootstrap,0.004564831371208709,0.1914211788221415,0,300,1782,275,incremental-over-momentum/macro comparison; paired on identical firm-month observations
label_a_rel,price_macro_logit_minus_macro_only_logit,fixed_test_2024_plus,AUPRC,0.264707948293788,0.17650510290620086,0.08820284538758716,paired_firm_year_block_bootstrap,0.005250222855373515,0.19902340235023286,0,300,1782,275,incremental-over-momentum/macro comparison; paired on identical firm-month observations
label_a_rel,price_macro_logit_minus_macro_only_logit,fixed_test_2024_plus,top_decile_capture,0.2109090909090909,0.09454545454545454,0.11636363636363636,paired_firm_year_block_bootstrap,0.012081831904947419,0.20031084425880805,0,300,1782,275,incremental-over-momentum/macro comparison; paired on identical firm-month observations
label_a_rel,price_macro_logit_minus_macro_only_logit,fixed_test_2024_plus,top_quintile_capture,0.3418181818181818,0.23636363636363636,0.10545454545454544,paired_firm_year_block_bootstrap,-0.01050747975072864,0.20612745098039215,1,300,1782,275,incremental-over-momentum/macro comparison; paired on identical firm-month observations
label_a_rel,price_macro_logit_minus_macro_only_logit,fixed_test_2024_plus,brier,0.14870363522460472,0.1376958386708166,0.011007796553788113,paired_firm_year_block_bootstrap,-0.0037019344120671504,0.0283416200706306,1,300,1782,275,incremental-over-momentum/macro comparison; paired on identical firm-month observations
label_a_rel,price_macro_logit_minus_naive_drawdown_baseline,fixed_test_2024_plus,AUROC,0.6570525426796163,0.5699607890450624,0.0870917536345539,paired_firm_year_block_bootstrap,0.049642003153275285,0.13273262687884455,0,300,1782,275,incremental-over-momentum/macro comparison; paired on identical firm-month observations
label_a_rel,price_macro_logit_minus_naive_drawdown_baseline,fixed_test_2024_plus,AUPRC,0.264707948293788,0.21959474739443305,0.04511320089935497,paired_firm_year_block_bootstrap,0.01029045883208109,0.10655094258397341,0,300,1782,275,incremental-over-momentum/macro comparison; paired on identical firm-month observations
label_a_rel,price_macro_logit_minus_naive_drawdown_baseline,fixed_test_2024_plus,top_decile_capture,0.2109090909090909,0.17454545454545456,0.03636363636363635,paired_firm_year_block_bootstrap,-0.011475630325413676,0.10387940841865748,1,300,1782,275,incremental-over-momentum/macro comparison; paired on identical firm-month observations
label_a_rel,price_macro_logit_minus_naive_drawdown_baseline,fixed_test_2024_plus,top_quintile_capture,0.3418181818181818,0.2727272727272727,0.06909090909090909,paired_firm_year_block_bootstrap,-0.0036285001241294834,0.15308011375550423,1,300,1782,275,incremental-over-momentum/macro comparison; paired on identical firm-month observations
label_a_rel,price_macro_logit_minus_naive_drawdown_baseline,fixed_test_2024_plus,brier,0.14870363522460472,0.17805907925270992,-0.029355444028105193,paired_firm_year_block_bootstrap,-0.04150886650533291,-0.01751126736646768,0,300,1782,275,incremental-over-momentum/macro comparison; paired on identical firm-month observations
label_a_rel,price_macro_logit_minus_naive_momentum_vol_baseline,fixed_test_2024_plus,AUROC,0.6570525426796163,0.6449948724135851,0.012057670266031217,paired_firm_year_block_bootstrap,-0.0029507684252427615,0.024988901387092036,1,300,1782,275,incremental-over-momentum/macro comparison; paired on identical firm-month observations
label_a_rel,price_macro_logit_minus_naive_momentum_vol_baseline,fixed_test_2024_plus,AUPRC,0.264707948293788,0.24217437419074336,0.022533574103044657,paired_firm_year_block_bootstrap,0.004739652714455723,0.05268347972618394,0,300,1782,275,incremental-over-momentum/macro comparison; paired on identical firm-month observations
label_a_rel,price_macro_logit_minus_naive_momentum_vol_baseline,fixed_test_2024_plus,top_decile_capture,0.2109090909090909,0.18545454545454546,0.025454545454545452,paired_firm_year_block_bootstrap,-0.0017045454545454534,0.05264095766328296,1,300,1782,275,incremental-over-momentum/macro comparison; paired on identical firm-month observations
label_a_rel,price_macro_logit_minus_naive_momentum_vol_baseline,fixed_test_2024_plus,top_quintile_capture,0.3418181818181818,0.32727272727272727,0.014545454545454528,paired_firm_year_block_bootstrap,-0.017212756404196998,0.05857238519030543,1,300,1782,275,incremental-over-momentum/macro comparison; paired on identical firm-month observations
label_a_rel,price_macro_logit_minus_naive_momentum_vol_baseline,fixed_test_2024_plus,brier,0.14870363522460472,0.12900957307256483,0.019694062152039893,paired_firm_year_block_bootstrap,0.001555465821692738,0.03488527727352126,0,300,1782,275,incremental-over-momentum/macro comparison; paired on identical firm-month observations
