target,fold_id,model_name,n_obs,n_pos,AUROC,AUPRC,top_decile_capture,top_quintile_capture,brier
label_a_abs,1,naive_drawdown_baseline,1091,54,0.6338910988650049,0.0873355017553834,0.22641509433962265,0.39622641509433965,0.12262459699655803
label_a_abs,2,naive_drawdown_baseline,1100,12,0.919889502762431,0.12363099912731638,0.7272727272727273,0.9090909090909091,0.062013359350859144
label_a_abs,3,naive_drawdown_baseline,1116,7,0.6606658923732095,0.01759848571599355,0.42857142857142855,0.5714285714285714,0.07384382868712745
label_a_abs,3,naive_momentum_vol_baseline,1116,7,0.9958778822620121,0.4912458573172859,1.0,1.0,0.004217479104498416
label_a_abs,3,macro_only_logit,1116,7,0.5778693803941775,0.010933730155702035,0.14285714285714285,0.42857142857142855,0.00661447138364108
label_a_abs,3,price_relative_logit,1116,7,0.9960066984413243,0.49192612942612945,1.0,1.0,0.004223392931815844
label_a_abs,3,price_macro_logit,1116,7,0.9943320881102666,0.5063725490196078,1.0,1.0,0.006251514939331515
label_a_abs,4,naive_drawdown_baseline,1116,32,0.6504266605166051,0.061185507473654796,0.21875,0.4375,0.07138094156459342
label_a_abs,4,naive_momentum_vol_baseline,1116,32,0.8052928966789668,0.08945192768361583,0.4375,0.46875,0.027644631249973555
label_a_abs,4,macro_only_logit,1116,32,0.37935309040590404,0.022113791692780882,0.0625,0.09375,0.028130545089175008
label_a_abs,4,price_relative_logit,1116,32,0.7990083025830258,0.08741714184449481,0.4375,0.46875,0.027757994751173312
label_a_abs,4,price_macro_logit,1116,32,0.6589598708487084,0.054435557163655654,0.28125,0.46875,0.02883955742748783
label_a_abs,5,naive_drawdown_baseline,1130,69,0.6819287038944982,0.16473935184745053,0.2463768115942029,0.463768115942029,0.10734301656254877
label_a_abs,5,naive_momentum_vol_baseline,1130,69,0.6543184581130735,0.16303875153205216,0.2898550724637681,0.391304347826087,0.05748621003574055
label_a_abs,5,macro_only_logit,1130,69,0.4272015735770192,0.05079648371105049,0.057971014492753624,0.15942028985507245,0.06047161103072227
label_a_abs,5,price_relative_logit,1130,69,0.6495239656326408,0.1587371656453614,0.2898550724637681,0.37681159420289856,0.05752094262981048
label_a_abs,5,price_macro_logit,1130,69,0.56502615798604,0.1561815668100075,0.18840579710144928,0.2898550724637681,0.0587117161676582
label_a_abs,6,naive_drawdown_baseline,1152,6,0.5524745269286754,0.008659723942086629,0.0,0.5,0.09219936046022081
label_a_abs,6,naive_momentum_vol_baseline,1152,6,0.7526178010471204,0.022263856515439464,0.5,0.8333333333333334,0.01476208962989413
label_a_abs,6,macro_only_logit,1152,6,0.3324607329842932,0.004491059460180299,0.0,0.16666666666666666,0.005211617729538436
label_a_abs,6,price_relative_logit,1152,6,0.7520360674810936,0.022430614433706413,0.5,0.8333333333333334,0.014982608594325604
label_a_abs,6,price_macro_logit,1152,6,0.5805700988947062,0.013548345213913657,0.16666666666666666,0.16666666666666666,0.006634215447581221
label_a_abs,7,naive_drawdown_baseline,1162,28,0.7883854728514923,0.12468285378120306,0.4444444444444444,0.7037037037037037,0.07975820374835732
label_a_abs,7,naive_momentum_vol_baseline,1162,28,0.593190980095742,0.2244650023817659,0.32142857142857145,0.39285714285714285,0.021179115016709247
label_a_abs,7,macro_only_logit,1162,28,0.37871630133534895,0.020571928608235264,0.03571428571428571,0.10714285714285714,0.023850966136657496
label_a_abs,7,price_relative_logit,1162,28,0.5821680524061477,0.22641068051755098,0.35714285714285715,0.39285714285714285,0.021173944009980766
label_a_abs,7,price_macro_logit,1162,28,0.6361174099269338,0.2174488519354052,0.35714285714285715,0.35714285714285715,0.021623970229229947
label_a_abs,8,naive_drawdown_baseline,1164,101,0.701214571127856,0.27080157239133024,0.37623762376237624,0.46534653465346537,0.10274837695380287
label_a_abs,8,naive_momentum_vol_baseline,1164,101,0.7810232575468271,0.38220789795898313,0.3564356435643564,0.5643564356435643,0.07001445610822829
label_a_abs,8,macro_only_logit,1164,101,0.531169956130138,0.10596659423926558,0.1188118811881188,0.19801980198019803,0.0799919041359728
label_a_abs,8,price_relative_logit,1164,101,0.7747827463837635,0.3792301371232277,0.36633663366336633,0.5544554455445545,0.0700203316044942
label_a_abs,8,price_macro_logit,1164,101,0.8013188901204326,0.4005618417369369,0.3564356435643564,0.5841584158415841,0.06544084774015617
label_a_abs,9,naive_drawdown_baseline,1182,219,0.7784925590392829,0.4698122628930872,0.3165137614678899,0.47706422018348627,0.13357570204059616
label_a_abs,9,naive_momentum_vol_baseline,1182,219,0.6966481268107181,0.32671505387330957,0.1780821917808219,0.3926940639269406,0.16912105319467555
label_a_abs,9,macro_only_logit,1182,219,0.5587751366780941,0.2202337235156095,0.1232876712328767,0.2511415525114155,0.17840323794270338
label_a_abs,9,price_relative_logit,1182,219,0.6954390057705895,0.3291947315972865,0.1872146118721461,0.3881278538812785,0.16898828761096515
label_a_abs,9,price_macro_logit,1182,219,0.7253161495896101,0.36616552318902007,0.2237442922374429,0.4474885844748858,0.168915168364188
label_a_abs,10,naive_drawdown_baseline,1188,38,0.7492677345537757,0.0683557871267781,0.13157894736842105,0.47368421052631576,0.1368676307393622
label_a_abs,10,naive_momentum_vol_baseline,1188,38,0.45324942791762013,0.06782853827273898,0.10526315789473684,0.10526315789473684,0.07496843917893725
label_a_abs,10,macro_only_logit,1188,38,0.6449885583524028,0.04319170209358397,0.0,0.0,0.03102779627172036
label_a_abs,10,price_relative_logit,1188,38,0.47693363844393594,0.06882452615418769,0.10526315789473684,0.10526315789473684,0.07488651152815969
label_a_abs,10,price_macro_logit,1188,38,0.6258810068649886,0.05806286445209653,0.10526315789473684,0.18421052631578946,0.054292904584919345
label_a_abs,11,naive_drawdown_baseline,1199,157,0.6720818033018029,0.2745088368786428,0.22929936305732485,0.39490445859872614,0.1286718658681166
label_a_abs,11,naive_momentum_vol_baseline,1199,157,0.7229543870802108,0.25902464951719834,0.25477707006369427,0.4267515923566879,0.11801617680348443
label_a_abs,11,macro_only_logit,1199,157,0.5812071347359927,0.17032765865690852,0.1592356687898089,0.27388535031847133,0.11627862753862563
label_a_abs,11,price_relative_logit,1199,157,0.7235595437485483,0.2617802391247651,0.2484076433121019,0.4394904458598726,0.11799139800158284
label_a_abs,11,price_macro_logit,1199,157,0.7637260535227454,0.3236950554394834,0.3184713375796178,0.45222929936305734,0.10539653715107578
label_a_abs,12,naive_drawdown_baseline,1192,85,0.6932568149210904,0.13275225894474826,0.25882352941176473,0.4235294117647059,0.15602289396438304
label_a_abs,12,naive_momentum_vol_baseline,1192,85,0.7576279292204686,0.16089598555901244,0.29411764705882354,0.4823529411764706,0.07597864761110065
label_a_abs,12,macro_only_logit,1192,85,0.34269621127583827,0.05141932599774147,0.03529411764705882,0.11764705882352941,0.07734213313618721
label_a_abs,12,price_relative_logit,1192,85,0.7591051596790478,0.16093646993791155,0.29411764705882354,0.49411764705882355,0.07624424244820972
label_a_abs,12,price_macro_logit,1192,85,0.7768744354110207,0.18231776731790797,0.3411764705882353,0.5411764705882353,0.10220777460409233
label_a_abs,13,naive_drawdown_baseline,1188,24,0.6692797823596792,0.06704842231979229,0.4166666666666667,0.5,0.12130825810591611
label_a_abs,13,naive_momentum_vol_baseline,1188,24,0.7092640320733105,0.07813733076316828,0.4166666666666667,0.5,0.021754830480753422
label_a_abs,13,macro_only_logit,1188,24,0.5673324742268041,0.03091674864418148,0.08333333333333333,0.25,0.047046814726404707
label_a_abs,13,price_relative_logit,1188,24,0.7080111683848798,0.07696919941828499,0.4166666666666667,0.5,0.021700713352574758
label_a_abs,13,price_macro_logit,1188,24,0.7701174112256587,0.07857740668848384,0.3333333333333333,0.5833333333333334,0.04206266866894347
label_a_abs,14,naive_drawdown_baseline,1782,82,0.6399103299856528,0.11363607995948172,0.23170731707317074,0.32926829268292684,0.13383587257979973
label_a_abs,14,naive_momentum_vol_baseline,1782,82,0.6642037302725968,0.11108098548498259,0.24390243902439024,0.3170731707317073,0.04318007433117902
label_a_abs,14,macro_only_logit,1782,82,0.564648493543759,0.05732082443014094,0.12195121951219512,0.2682926829268293,0.07295897545310222
label_a_abs,14,price_relative_logit,1782,82,0.6610975609756098,0.110558397775825,0.25609756097560976,0.32926829268292684,0.04321518767127146
label_a_abs,14,price_macro_logit,1782,82,0.7059469153515064,0.13654928610101089,0.2926829268292683,0.4146341463414634,0.08874101899335585
label_a_rel,1,naive_drawdown_baseline,1091,106,0.5927650082436233,0.1642457999776058,0.19047619047619047,0.34285714285714286,0.14193278466181047
label_a_rel,2,naive_drawdown_baseline,1100,58,0.6317414573898724,0.12388505614771647,0.21428571428571427,0.32142857142857145,0.08525383963077422
label_a_rel,3,naive_drawdown_baseline,1116,24,0.5369648318042813,0.037106593872511605,0.3333333333333333,0.375,0.08230070503299171
label_a_rel,3,naive_momentum_vol_baseline,1116,24,0.8321123321123322,0.20219996029502063,0.5833333333333334,0.5833333333333334,0.02146559806500998
label_a_rel,3,macro_only_logit,1116,24,0.5745192307692307,0.032001354056054324,0.16666666666666666,0.3333333333333333,0.022371713497692878
label_a_rel,3,price_relative_logit,1116,24,0.8320360195360196,0.20174596378446744,0.5833333333333334,0.5833333333333334,0.02146410641297818
label_a_rel,3,price_macro_logit,1116,24,0.796092796092796,0.24598412265483488,0.5416666666666666,0.6666666666666666,0.018708912564442792
label_a_rel,4,naive_drawdown_baseline,1116,79,0.5723484247403049,0.1317054828740156,0.20253164556962025,0.3670886075949367,0.09359916938691464
label_a_rel,4,naive_momentum_vol_baseline,1116,79,0.7387546842766989,0.19779880440277364,0.379746835443038,0.5189873417721519,0.06385632896225908
label_a_rel,4,macro_only_logit,1116,79,0.39839849614882267,0.060196597136408556,0.0759493670886076,0.11392405063291139,0.06658027779198517
label_a_rel,4,price_relative_logit,1116,79,0.7362645410934658,0.19815296516881228,0.379746835443038,0.5189873417721519,0.06389541874077896
label_a_rel,4,price_macro_logit,1116,79,0.6564945131403879,0.15183598572088608,0.2911392405063291,0.46835443037974683,0.06791511401695864
label_a_rel,5,naive_drawdown_baseline,1130,148,0.682851500126061,0.3203379031945105,0.273972602739726,0.4383561643835616,0.12543274485426123
label_a_rel,5,naive_momentum_vol_baseline,1130,148,0.6739555237518577,0.2730779025897737,0.20270270270270271,0.36486486486486486,0.11476311319936867
label_a_rel,5,macro_only_logit,1130,148,0.5084872295921176,0.14070536968762998,0.10810810810810811,0.22297297297297297,0.12150082182744974
label_a_rel,5,price_relative_logit,1130,148,0.6729096713821765,0.2707457477287998,0.20945945945945946,0.3581081081081081,0.11480298400104838
label_a_rel,5,price_macro_logit,1130,148,0.6846342268949194,0.2988039479885734,0.22972972972972974,0.3783783783783784,0.1164952064166904
label_a_rel,6,naive_drawdown_baseline,1152,59,0.6370056497175142,0.11817400078975408,0.3559322033898305,0.4576271186440678,0.10437767112881878
label_a_rel,6,naive_momentum_vol_baseline,1152,59,0.6220478546063548,0.07076914575993724,0.0847457627118644,0.3220338983050847,0.06035556786210261
label_a_rel,6,macro_only_logit,1152,59,0.5081876967450804,0.051448113537078885,0.06779661016949153,0.2033898305084746,0.05010833732616209
label_a_rel,6,price_relative_logit,1152,59,0.6160311380588336,0.06998318910123319,0.1016949152542373,0.3559322033898305,0.060472602980503165
label_a_rel,6,price_macro_logit,1152,59,0.6122164157116938,0.07133674051338995,0.15254237288135594,0.3050847457627119,0.054080999863817966
label_a_rel,7,naive_drawdown_baseline,1162,98,0.6989593123433584,0.17175322743856541,0.20833333333333334,0.4270833333333333,0.10768279067533013
label_a_rel,7,naive_momentum_vol_baseline,1162,98,0.6959298757096823,0.277133790413403,0.32653061224489793,0.42857142857142855,0.0721417461671155
label_a_rel,7,macro_only_logit,1162,98,0.4329350161117078,0.07187992697963687,0.061224489795918366,0.12244897959183673,0.07990676822827324
label_a_rel,7,price_relative_logit,1162,98,0.6928897498849164,0.276919737035742,0.32653061224489793,0.41836734693877553,0.07212212215975007
label_a_rel,7,price_macro_logit,1162,98,0.7124635568513119,0.28491032682416695,0.29591836734693877,0.4387755102040816,0.07120438794342707
label_a_rel,8,naive_drawdown_baseline,1164,210,0.6808800039932116,0.3639551814253744,0.28095238095238095,0.4095238095238095,0.14315749249207652
label_a_rel,8,naive_momentum_vol_baseline,1164,210,0.7924977538185085,0.47296561800497666,0.28095238095238095,0.5238095238095238,0.13999735746753406
label_a_rel,8,macro_only_logit,1164,210,0.5237246680642907,0.19235176141767724,0.0761904761904762,0.19523809523809524,0.15190781331615474
label_a_rel,8,price_relative_logit,1164,210,0.7912848158131177,0.47065801045956446,0.2714285714285714,0.5285714285714286,0.1399879190699472
label_a_rel,8,price_macro_logit,1164,210,0.8024059099530798,0.48979917267443845,0.2857142857142857,0.5333333333333333,0.12258959902415584
label_a_rel,9,naive_drawdown_baseline,1182,259,0.6849421246236923,0.42190593673964627,0.2648221343873518,0.3794466403162055,0.16595518709383772
label_a_rel,9,naive_momentum_vol_baseline,1182,259,0.6878108568249414,0.3806474208916102,0.23552123552123552,0.3861003861003861,0.17880849211073332
label_a_rel,9,macro_only_logit,1182,259,0.5515818403142346,0.25224014345273504,0.1274131274131274,0.23938223938223938,0.19287322697975898
label_a_rel,9,price_relative_logit,1182,259,0.6866981514868838,0.38221656372679513,0.23552123552123552,0.3938223938223938,0.17884146329979034
label_a_rel,9,price_macro_logit,1182,259,0.6951480190916811,0.40108437516106527,0.2277992277992278,0.3938223938223938,0.17322179553748254
label_a_rel,10,naive_drawdown_baseline,1188,67,0.5808180329396727,0.08806847279143208,0.08955223880597014,0.29850746268656714,0.15344011010647815
label_a_rel,10,naive_momentum_vol_baseline,1188,67,0.5024564953998961,0.12754740782505036,0.13432835820895522,0.1791044776119403,0.12144559518644091
label_a_rel,10,macro_only_logit,1188,67,0.6720145925146791,0.12677039802514337,0.26865671641791045,0.417910447761194,0.05321527335029112
label_a_rel,10,price_relative_logit,1188,67,0.5040542159851945,0.12664797694980634,0.13432835820895522,0.1791044776119403,0.12132336585394052
label_a_rel,10,price_macro_logit,1188,67,0.5672973224865858,0.12191747866274112,0.11940298507462686,0.19402985074626866,0.10865059535678644
label_a_rel,11,naive_drawdown_baseline,1199,190,0.5838547661400021,0.2622098077967082,0.18421052631578946,0.2736842105263158,0.15397428105449804
label_a_rel,11,naive_momentum_vol_baseline,1199,190,0.6781284231391164,0.30525724130228393,0.21578947368421053,0.3894736842105263,0.12872275462519298
label_a_rel,11,macro_only_logit,1199,190,0.49359449168014186,0.16066282425696685,0.11052631578947368,0.16842105263157894,0.13395150079361257
label_a_rel,11,price_relative_logit,1199,190,0.6788065306974076,0.305295445824193,0.21052631578947367,0.39473684210526316,0.1287288622045453
label_a_rel,11,price_macro_logit,1199,190,0.7088832090136143,0.3444313636488271,0.26842105263157895,0.4052631578947368,0.12286172230171441
label_a_rel,12,naive_drawdown_baseline,1192,189,0.6606318610306646,0.24215337541240264,0.18518518518518517,0.3386243386243386,0.17701036473707063
label_a_rel,12,naive_momentum_vol_baseline,1192,189,0.7062252396250402,0.287872400572204,0.2328042328042328,0.38095238095238093,0.13414851717608722
label_a_rel,12,macro_only_logit,1192,189,0.43044147979342395,0.14027502826573834,0.06349206349206349,0.13756613756613756,0.13975959758071546
label_a_rel,12,price_relative_logit,1192,189,0.7062041389060332,0.28789756299562963,0.2328042328042328,0.38095238095238093,0.13416066320912604
label_a_rel,12,price_macro_logit,1192,189,0.7055711173358232,0.2983171368631096,0.23809523809523808,0.4074074074074074,0.15255592842620802
label_a_rel,13,naive_drawdown_baseline,1188,124,0.6582964467620664,0.19099439949215416,0.25,0.3790322580645161,0.14335973997458643
label_a_rel,13,naive_momentum_vol_baseline,1188,124,0.6860447489691972,0.21322805618525517,0.2661290322580645,0.3870967741935484,0.08968284062280041
label_a_rel,13,macro_only_logit,1188,124,0.5420203735144312,0.11954967349369615,0.11290322580645161,0.24193548387096775,0.1063165400599386
label_a_rel,13,price_relative_logit,1188,124,0.6850897404802329,0.2128939276089242,0.2661290322580645,0.3951612903225806,0.08968402285023856
label_a_rel,13,price_macro_logit,1188,124,0.7057512733446519,0.2301953096166476,0.25806451612903225,0.4596774193548387,0.09666044746327801
label_a_rel,14,naive_drawdown_baseline,1782,275,0.5699607890450624,0.21959474739443305,0.17454545454545456,0.2727272727272727,0.17805907925270992
label_a_rel,14,naive_momentum_vol_baseline,1782,275,0.620278699402787,0.2313975515073905,0.1781818181818182,0.29818181818181816,0.1296817840024141
label_a_rel,14,macro_only_logit,1782,275,0.5658008083489172,0.18786443210714443,0.13090909090909092,0.26181818181818184,0.13489594983464076
label_a_rel,14,price_relative_logit,1782,275,0.6195451529227243,0.2312218573452468,0.1781818181818182,0.29818181818181816,0.1297150603822129
label_a_rel,14,price_macro_logit,1782,275,0.6443071725885263,0.2635358425869035,0.20363636363636364,0.3418181818181818,0.1361657906718977
