target,fold_id,model_name,metric,point_estimate,ci_method,ci_lower_95,ci_upper_95,n_bootstrap,n_obs,n_pos
label_a_abs,1,naive_drawdown_baseline,AUROC,0.6338910988650049,firm_year_block_bootstrap,0.4540507871816795,0.7566976847058794,150,1091,54
label_a_abs,1,naive_drawdown_baseline,AUPRC,0.0873355017553834,firm_year_block_bootstrap,0.03775680720490202,0.17337145321961064,150,1091,54
label_a_abs,1,naive_drawdown_baseline,top_decile_capture,0.22641509433962265,firm_year_block_bootstrap,0.0,0.5279924983692108,150,1091,54
label_a_abs,1,naive_drawdown_baseline,top_quintile_capture,0.39622641509433965,firm_year_block_bootstrap,0.0941359626362221,0.6510752688172043,150,1091,54
label_a_abs,1,naive_drawdown_baseline,brier,0.12262459699655803,firm_year_block_bootstrap,0.08407034530091706,0.1603163476467997,150,1091,54
label_a_abs,2,naive_drawdown_baseline,AUROC,0.919889502762431,firm_year_block_bootstrap,0.880616580925913,0.9961913467397928,150,1100,12
label_a_abs,2,naive_drawdown_baseline,AUPRC,0.12363099912731638,firm_year_block_bootstrap,0.057724455371732174,0.4079956501831502,150,1100,12
label_a_abs,2,naive_drawdown_baseline,top_decile_capture,0.7272727272727273,firm_year_block_bootstrap,0.5,1.0,150,1100,12
label_a_abs,2,naive_drawdown_baseline,top_quintile_capture,0.9090909090909091,firm_year_block_bootstrap,0.75,1.0,150,1100,12
label_a_abs,2,naive_drawdown_baseline,brier,0.062013359350859144,firm_year_block_bootstrap,0.0446056510602459,0.08467822232067734,150,1100,12
label_a_abs,3,naive_drawdown_baseline,AUROC,0.6606658923732095,firm_year_block_bootstrap,0.6333400428972117,0.6834301985065498,150,1116,7
label_a_abs,3,naive_drawdown_baseline,AUPRC,0.01759848571599355,firm_year_block_bootstrap,0.013901662880579311,0.05196164127621597,150,1116,7
label_a_abs,3,naive_drawdown_baseline,top_decile_capture,0.42857142857142855,firm_year_block_bootstrap,0.2857142857142857,0.5714285714285714,150,1116,7
label_a_abs,3,naive_drawdown_baseline,top_quintile_capture,0.5714285714285714,firm_year_block_bootstrap,0.5714285714285714,0.5714285714285714,150,1116,7
label_a_abs,3,naive_drawdown_baseline,brier,0.07384382868712745,firm_year_block_bootstrap,0.05254512507653902,0.10092657757848601,150,1116,7
label_a_abs,3,naive_momentum_vol_baseline,AUROC,0.9958778822620121,firm_year_block_bootstrap,0.9893569781547865,0.9990725235089527,150,1116,7
label_a_abs,3,naive_momentum_vol_baseline,AUPRC,0.4912458573172859,firm_year_block_bootstrap,0.34292968469439056,0.7518140589569161,150,1116,7
label_a_abs,3,naive_momentum_vol_baseline,top_decile_capture,1.0,firm_year_block_bootstrap,1.0,1.0,150,1116,7
label_a_abs,3,naive_momentum_vol_baseline,top_quintile_capture,1.0,firm_year_block_bootstrap,1.0,1.0,150,1116,7
label_a_abs,3,naive_momentum_vol_baseline,brier,0.004217479104498416,firm_year_block_bootstrap,0.0001507655373207159,0.010536957491619797,150,1116,7
label_a_abs,3,macro_only_logit,AUROC,0.5778693803941775,firm_year_block_bootstrap,0.5778693803941775,0.5788649706457926,150,1116,7
label_a_abs,3,macro_only_logit,AUPRC,0.010933730155702035,firm_year_block_bootstrap,0.009944261492805837,0.05981406444838216,150,1116,7
label_a_abs,3,macro_only_logit,top_decile_capture,0.14285714285714285,firm_year_block_bootstrap,0.14285714285714285,0.2857142857142857,150,1116,7
label_a_abs,3,macro_only_logit,top_quintile_capture,0.42857142857142855,firm_year_block_bootstrap,0.2857142857142857,0.42857142857142855,150,1116,7
label_a_abs,3,macro_only_logit,brier,0.00661447138364108,firm_year_block_bootstrap,0.000681141582679957,0.018481130985563324,150,1116,7
label_a_abs,3,price_relative_logit,AUROC,0.9960066984413243,firm_year_block_bootstrap,0.9897453904965454,0.9990725235089527,150,1116,7
label_a_abs,3,price_relative_logit,AUPRC,0.49192612942612945,firm_year_block_bootstrap,0.32356809390422836,0.7518140589569161,150,1116,7
label_a_abs,3,price_relative_logit,top_decile_capture,1.0,firm_year_block_bootstrap,1.0,1.0,150,1116,7
label_a_abs,3,price_relative_logit,top_quintile_capture,1.0,firm_year_block_bootstrap,1.0,1.0,150,1116,7
label_a_abs,3,price_relative_logit,brier,0.004223392931815844,firm_year_block_bootstrap,0.0001482220153505468,0.010508542599055582,150,1116,7
label_a_abs,3,price_macro_logit,AUROC,0.9943320881102666,firm_year_block_bootstrap,0.9879592174054738,0.9987891279144661,150,1116,7
label_a_abs,3,price_macro_logit,AUPRC,0.5063725490196078,firm_year_block_bootstrap,0.3584116676973819,0.8384540897698793,150,1116,7
label_a_abs,3,price_macro_logit,top_decile_capture,1.0,firm_year_block_bootstrap,1.0,1.0,150,1116,7
label_a_abs,3,price_macro_logit,top_quintile_capture,1.0,firm_year_block_bootstrap,1.0,1.0,150,1116,7
label_a_abs,3,price_macro_logit,brier,0.006251514939331515,firm_year_block_bootstrap,0.0015363127327887175,0.012148652450417689,150,1116,7
label_a_abs,4,naive_drawdown_baseline,AUROC,0.6504266605166051,firm_year_block_bootstrap,0.33379438904210335,0.8065107429559389,150,1116,32
label_a_abs,4,naive_drawdown_baseline,AUPRC,0.061185507473654796,firm_year_block_bootstrap,0.007565389499697043,0.15163056980089037,150,1116,32
label_a_abs,4,naive_drawdown_baseline,top_decile_capture,0.21875,firm_year_block_bootstrap,0.0,0.3857905982905983,150,1116,32
label_a_abs,4,naive_drawdown_baseline,top_quintile_capture,0.4375,firm_year_block_bootstrap,0.03152173913043479,0.6415360501567399,150,1116,32
label_a_abs,4,naive_drawdown_baseline,brier,0.07138094156459342,firm_year_block_bootstrap,0.048292961985882024,0.09228896551624585,150,1116,32
label_a_abs,4,naive_momentum_vol_baseline,AUROC,0.8052928966789668,firm_year_block_bootstrap,0.706216380109766,0.9371784345396378,150,1116,32
label_a_abs,4,naive_momentum_vol_baseline,AUPRC,0.08945192768361583,firm_year_block_bootstrap,0.023873495166492387,0.20952927004264013,150,1116,32
label_a_abs,4,naive_momentum_vol_baseline,top_decile_capture,0.4375,firm_year_block_bootstrap,0.0,0.8770220588235295,150,1116,32
label_a_abs,4,naive_momentum_vol_baseline,top_quintile_capture,0.46875,firm_year_block_bootstrap,0.13657142857142857,1.0,150,1116,32
label_a_abs,4,naive_momentum_vol_baseline,brier,0.027644631249973555,firm_year_block_bootstrap,0.007056104079793009,0.049808706872243765,150,1116,32
label_a_abs,4,macro_only_logit,AUROC,0.37935309040590404,firm_year_block_bootstrap,0.20402909865895824,0.4539116019279451,150,1116,32
label_a_abs,4,macro_only_logit,AUPRC,0.022113791692780882,firm_year_block_bootstrap,0.004648122789298649,0.04494851782755082,150,1116,32
label_a_abs,4,macro_only_logit,top_decile_capture,0.0625,firm_year_block_bootstrap,0.0,0.08669642857142859,150,1116,32
label_a_abs,4,macro_only_logit,top_quintile_capture,0.09375,firm_year_block_bootstrap,0.0,0.16655266757865947,150,1116,32
label_a_abs,4,macro_only_logit,brier,0.028130545089175008,firm_year_block_bootstrap,0.007071864754960137,0.0506320321703668,150,1116,32
label_a_abs,4,price_relative_logit,AUROC,0.7990083025830258,firm_year_block_bootstrap,0.6925666023855439,0.9356324998969087,150,1116,32
label_a_abs,4,price_relative_logit,AUPRC,0.08741714184449481,firm_year_block_bootstrap,0.02282206998010576,0.20865075785818102,150,1116,32
label_a_abs,4,price_relative_logit,top_decile_capture,0.4375,firm_year_block_bootstrap,0.0,0.8620535714285715,150,1116,32
label_a_abs,4,price_relative_logit,top_quintile_capture,0.46875,firm_year_block_bootstrap,0.13657142857142857,1.0,150,1116,32
label_a_abs,4,price_relative_logit,brier,0.027757994751173312,firm_year_block_bootstrap,0.007135417645636209,0.04989934648855142,150,1116,32
label_a_abs,4,price_macro_logit,AUROC,0.6589598708487084,firm_year_block_bootstrap,0.4430187737914992,0.8075908624101396,150,1116,32
label_a_abs,4,price_macro_logit,AUPRC,0.054435557163655654,firm_year_block_bootstrap,0.008887201890267619,0.11736441963446166,150,1116,32
label_a_abs,4,price_macro_logit,top_decile_capture,0.28125,firm_year_block_bootstrap,0.020714285714285716,0.5974165341812403,150,1116,32
label_a_abs,4,price_macro_logit,top_quintile_capture,0.46875,firm_year_block_bootstrap,0.08706293706293707,0.7647200772200774,150,1116,32
label_a_abs,4,price_macro_logit,brier,0.02883955742748783,firm_year_block_bootstrap,0.007202160075143518,0.05161761402832182,150,1116,32
label_a_abs,5,naive_drawdown_baseline,AUROC,0.6819287038944982,firm_year_block_bootstrap,0.5366809944290072,0.7963270171831738,150,1130,69
label_a_abs,5,naive_drawdown_baseline,AUPRC,0.16473935184745053,firm_year_block_bootstrap,0.053150845228063334,0.41364904787365064,150,1130,69
label_a_abs,5,naive_drawdown_baseline,top_decile_capture,0.2463768115942029,firm_year_block_bootstrap,0.04729930959794233,0.47646103896103914,150,1130,69
label_a_abs,5,naive_drawdown_baseline,top_quintile_capture,0.463768115942029,firm_year_block_bootstrap,0.22745402436111775,0.6625706214689265,150,1130,69
label_a_abs,5,naive_drawdown_baseline,brier,0.10734301656254877,firm_year_block_bootstrap,0.08024193121190089,0.1374855160144049,150,1130,69
label_a_abs,5,naive_momentum_vol_baseline,AUROC,0.6543184581130735,firm_year_block_bootstrap,0.510372026713515,0.8092817964005377,150,1130,69
label_a_abs,5,naive_momentum_vol_baseline,AUPRC,0.16303875153205216,firm_year_block_bootstrap,0.04230300758374576,0.37527120106437795,150,1130,69
label_a_abs,5,naive_momentum_vol_baseline,top_decile_capture,0.2898550724637681,firm_year_block_bootstrap,0.038321995464852605,0.5626513317191284,150,1130,69
label_a_abs,5,naive_momentum_vol_baseline,top_quintile_capture,0.391304347826087,firm_year_block_bootstrap,0.15639790398918188,0.6237355212355215,150,1130,69
label_a_abs,5,naive_momentum_vol_baseline,brier,0.05748621003574055,firm_year_block_bootstrap,0.028100027225468265,0.09101289621853745,150,1130,69
label_a_abs,5,macro_only_logit,AUROC,0.4272015735770192,firm_year_block_bootstrap,0.37776673015055234,0.4786340847761848,150,1130,69
label_a_abs,5,macro_only_logit,AUPRC,0.05079648371105049,firm_year_block_bootstrap,0.024475005489915033,0.0835668478677153,150,1130,69
label_a_abs,5,macro_only_logit,top_decile_capture,0.057971014492753624,firm_year_block_bootstrap,0.020614211160176636,0.10841309995897719,150,1130,69
label_a_abs,5,macro_only_logit,top_quintile_capture,0.15942028985507245,firm_year_block_bootstrap,0.10882063882063882,0.21634009009009011,150,1130,69
label_a_abs,5,macro_only_logit,brier,0.06047161103072227,firm_year_block_bootstrap,0.02829069865055238,0.09579580090110106,150,1130,69
label_a_abs,5,price_relative_logit,AUROC,0.6495239656326408,firm_year_block_bootstrap,0.510008435369555,0.7935968108922746,150,1130,69
label_a_abs,5,price_relative_logit,AUPRC,0.1587371656453614,firm_year_block_bootstrap,0.03989690245043136,0.36540148604912426,150,1130,69
label_a_abs,5,price_relative_logit,top_decile_capture,0.2898550724637681,firm_year_block_bootstrap,0.038321995464852605,0.5210089326614753,150,1130,69
label_a_abs,5,price_relative_logit,top_quintile_capture,0.37681159420289856,firm_year_block_bootstrap,0.13318327330932375,0.601030691708658,150,1130,69
label_a_abs,5,price_relative_logit,brier,0.05752094262981048,firm_year_block_bootstrap,0.028151994212155307,0.09102906773903137,150,1130,69
label_a_abs,5,price_macro_logit,AUROC,0.56502615798604,firm_year_block_bootstrap,0.4556344652718263,0.7113106669841663,150,1130,69
label_a_abs,5,price_macro_logit,AUPRC,0.1561815668100075,firm_year_block_bootstrap,0.042224831456581256,0.3519622725319322,150,1130,69
label_a_abs,5,price_macro_logit,top_decile_capture,0.18840579710144928,firm_year_block_bootstrap,0.020188075230092035,0.4208458458458459,150,1130,69
label_a_abs,5,price_macro_logit,top_quintile_capture,0.2898550724637681,firm_year_block_bootstrap,0.10990895001937233,0.4938559322033899,150,1130,69
label_a_abs,5,price_macro_logit,brier,0.0587117161676582,firm_year_block_bootstrap,0.02828840682644098,0.09344442979503279,150,1130,69
label_a_abs,6,naive_drawdown_baseline,AUROC,0.5524745269286754,firm_year_block_bootstrap,0.027544070878255528,0.75625,150,1152,6
label_a_abs,6,naive_drawdown_baseline,AUPRC,0.008659723942086629,firm_year_block_bootstrap,0.0010908026652817998,0.02443976969749152,150,1152,6
label_a_abs,6,naive_drawdown_baseline,top_decile_capture,0.0,firm_year_block_bootstrap,0.0,0.3333333333333333,150,1152,6
label_a_abs,6,naive_drawdown_baseline,top_quintile_capture,0.5,firm_year_block_bootstrap,0.0,0.75,150,1152,6
label_a_abs,6,naive_drawdown_baseline,brier,0.09219936046022081,firm_year_block_bootstrap,0.06908132566620431,0.11837589472094989,150,1152,6
label_a_abs,6,naive_momentum_vol_baseline,AUROC,0.7526178010471204,firm_year_block_bootstrap,0.05945831602009595,0.9739221093189288,150,1152,6
label_a_abs,6,naive_momentum_vol_baseline,AUPRC,0.022263856515439464,firm_year_block_bootstrap,0.00117878572782209,0.0890772163113953,150,1152,6
label_a_abs,6,naive_momentum_vol_baseline,top_decile_capture,0.5,firm_year_block_bootstrap,0.0,1.0,150,1152,6
label_a_abs,6,naive_momentum_vol_baseline,top_quintile_capture,0.8333333333333334,firm_year_block_bootstrap,0.0,1.0,150,1152,6
label_a_abs,6,naive_momentum_vol_baseline,brier,0.01476208962989413,firm_year_block_bootstrap,0.005078462670601355,0.027186788029444443,150,1152,6
label_a_abs,6,macro_only_logit,AUROC,0.3324607329842932,firm_year_block_bootstrap,0.12467419635099913,0.7921739130434783,150,1152,6
label_a_abs,6,macro_only_logit,AUPRC,0.004491059460180299,firm_year_block_bootstrap,0.0012841192995353445,0.00952490515769545,150,1152,6
label_a_abs,6,macro_only_logit,top_decile_capture,0.0,firm_year_block_bootstrap,0.0,0.0,150,1152,6
label_a_abs,6,macro_only_logit,top_quintile_capture,0.16666666666666666,firm_year_block_bootstrap,0.0,0.5,150,1152,6
label_a_abs,6,macro_only_logit,brier,0.005211617729538436,firm_year_block_bootstrap,8.474120732984656e-06,0.013017790560704552,150,1152,6
label_a_abs,6,price_relative_logit,AUROC,0.7520360674810936,firm_year_block_bootstrap,0.07023699618479205,0.9765298983870359,150,1152,6
label_a_abs,6,price_relative_logit,AUPRC,0.022430614433706413,firm_year_block_bootstrap,0.0011881701698908615,0.08988137466398337,150,1152,6
label_a_abs,6,price_relative_logit,top_decile_capture,0.5,firm_year_block_bootstrap,0.0,1.0,150,1152,6
label_a_abs,6,price_relative_logit,top_quintile_capture,0.8333333333333334,firm_year_block_bootstrap,0.0,1.0,150,1152,6
label_a_abs,6,price_relative_logit,brier,0.014982608594325604,firm_year_block_bootstrap,0.004992381405475405,0.027330706098803226,150,1152,6
label_a_abs,6,price_macro_logit,AUROC,0.5805700988947062,firm_year_block_bootstrap,0.07684357647414347,0.9852096719264388,150,1152,6
label_a_abs,6,price_macro_logit,AUPRC,0.013548345213913657,firm_year_block_bootstrap,0.0012050877286915217,0.10901755782263711,150,1152,6
label_a_abs,6,price_macro_logit,top_decile_capture,0.16666666666666666,firm_year_block_bootstrap,0.0,1.0,150,1152,6
label_a_abs,6,price_macro_logit,top_quintile_capture,0.16666666666666666,firm_year_block_bootstrap,0.0,1.0,150,1152,6
label_a_abs,6,price_macro_logit,brier,0.006634215447581221,firm_year_block_bootstrap,0.0012623018436597258,0.014280649743178166,150,1152,6
label_a_abs,7,naive_drawdown_baseline,AUROC,0.7883854728514923,firm_year_block_bootstrap,0.5431851563730122,0.9229304050907713,150,1162,28
label_a_abs,7,naive_drawdown_baseline,AUPRC,0.12468285378120306,firm_year_block_bootstrap,0.013056019338448624,0.3626008349239533,150,1162,28
label_a_abs,7,naive_drawdown_baseline,top_decile_capture,0.4444444444444444,firm_year_block_bootstrap,0.1601190476190476,0.7576388888888891,150,1162,28
label_a_abs,7,naive_drawdown_baseline,top_quintile_capture,0.7037037037037037,firm_year_block_bootstrap,0.3475490196078431,0.9637500000000002,150,1162,28
label_a_abs,7,naive_drawdown_baseline,brier,0.07975820374835732,firm_year_block_bootstrap,0.058205098947570894,0.10473163808956265,150,1162,28
label_a_abs,7,naive_momentum_vol_baseline,AUROC,0.593190980095742,firm_year_block_bootstrap,0.3680953144045259,0.9213767059305131,150,1162,28
label_a_abs,7,naive_momentum_vol_baseline,AUPRC,0.2244650023817659,firm_year_block_bootstrap,0.010349357590034252,0.5825121062461635,150,1162,28
label_a_abs,7,naive_momentum_vol_baseline,top_decile_capture,0.32142857142857145,firm_year_block_bootstrap,0.0,0.7973684210526317,150,1162,28
label_a_abs,7,naive_momentum_vol_baseline,top_quintile_capture,0.39285714285714285,firm_year_block_bootstrap,0.07407407407407407,0.8919444444444444,150,1162,28
label_a_abs,7,naive_momentum_vol_baseline,brier,0.021179115016709247,firm_year_block_bootstrap,0.0050751520682757,0.04032201398871886,150,1162,28
label_a_abs,7,macro_only_logit,AUROC,0.37871630133534895,firm_year_block_bootstrap,0.07843591390598062,0.4794797876152318,150,1162,28
label_a_abs,7,macro_only_logit,AUPRC,0.020571928608235264,firm_year_block_bootstrap,0.00450055593284149,0.04232829921173892,150,1162,28
label_a_abs,7,macro_only_logit,top_decile_capture,0.03571428571428571,firm_year_block_bootstrap,0.0,0.11966911764705887,150,1162,28
label_a_abs,7,macro_only_logit,top_quintile_capture,0.10714285714285714,firm_year_block_bootstrap,0.0,0.2445075757575758,150,1162,28
label_a_abs,7,macro_only_logit,brier,0.023850966136657496,firm_year_block_bootstrap,0.005141667071803021,0.046135439163859274,150,1162,28
label_a_abs,7,price_relative_logit,AUROC,0.5821680524061477,firm_year_block_bootstrap,0.353942662034757,0.917464242403723,150,1162,28
label_a_abs,7,price_relative_logit,AUPRC,0.22641068051755098,firm_year_block_bootstrap,0.010411763801532851,0.5815856285393634,150,1162,28
label_a_abs,7,price_relative_logit,top_decile_capture,0.35714285714285715,firm_year_block_bootstrap,0.0,0.7973684210526317,150,1162,28
label_a_abs,7,price_relative_logit,top_quintile_capture,0.39285714285714285,firm_year_block_bootstrap,0.08833912037037037,0.8919444444444444,150,1162,28
label_a_abs,7,price_relative_logit,brier,0.021173944009980766,firm_year_block_bootstrap,0.00504882313298402,0.040327337858923416,150,1162,28
label_a_abs,7,price_macro_logit,AUROC,0.6361174099269338,firm_year_block_bootstrap,0.4528040490887713,0.9075418557015168,150,1162,28
label_a_abs,7,price_macro_logit,AUPRC,0.2174488519354052,firm_year_block_bootstrap,0.008896513465445765,0.5958392225977089,150,1162,28
label_a_abs,7,price_macro_logit,top_decile_capture,0.35714285714285715,firm_year_block_bootstrap,0.029895833333333333,0.8416666666666669,150,1162,28
label_a_abs,7,price_macro_logit,top_quintile_capture,0.35714285714285715,firm_year_block_bootstrap,0.072669220945083,0.8416666666666669,150,1162,28
label_a_abs,7,price_macro_logit,brier,0.021623970229229947,firm_year_block_bootstrap,0.005065431874653479,0.040780468908455304,150,1162,28
label_a_abs,8,naive_drawdown_baseline,AUROC,0.701214571127856,firm_year_block_bootstrap,0.5443323374891991,0.81351518867084,150,1164,101
label_a_abs,8,naive_drawdown_baseline,AUPRC,0.27080157239133024,firm_year_block_bootstrap,0.07765556114131048,0.4535141572307442,150,1164,101
label_a_abs,8,naive_drawdown_baseline,top_decile_capture,0.37623762376237624,firm_year_block_bootstrap,0.1423109243697479,0.5304573512906846,150,1164,101
label_a_abs,8,naive_drawdown_baseline,top_quintile_capture,0.46534653465346537,firm_year_block_bootstrap,0.20852941176470588,0.6471283783783784,150,1164,101
label_a_abs,8,naive_drawdown_baseline,brier,0.10274837695380287,firm_year_block_bootstrap,0.07849543553774282,0.12870783669182131,150,1164,101
label_a_abs,8,naive_momentum_vol_baseline,AUROC,0.7810232575468271,firm_year_block_bootstrap,0.6862135288761969,0.8660819267566082,150,1164,101
label_a_abs,8,naive_momentum_vol_baseline,AUPRC,0.38220789795898313,firm_year_block_bootstrap,0.15430706438034228,0.5963342470114144,150,1164,101
label_a_abs,8,naive_momentum_vol_baseline,top_decile_capture,0.3564356435643564,firm_year_block_bootstrap,0.20924922600619195,0.5307752613240418,150,1164,101
label_a_abs,8,naive_momentum_vol_baseline,top_quintile_capture,0.5643564356435643,firm_year_block_bootstrap,0.3575828484695168,0.7317235699311171,150,1164,101
label_a_abs,8,naive_momentum_vol_baseline,brier,0.07001445610822829,firm_year_block_bootstrap,0.03939479987905182,0.10812334833965306,150,1164,101
label_a_abs,8,macro_only_logit,AUROC,0.531169956130138,firm_year_block_bootstrap,0.46694757560146594,0.587294953355786,150,1164,101
label_a_abs,8,macro_only_logit,AUPRC,0.10596659423926558,firm_year_block_bootstrap,0.053515792339207335,0.15048154676325848,150,1164,101
label_a_abs,8,macro_only_logit,top_decile_capture,0.1188118811881188,firm_year_block_bootstrap,0.0692092574734812,0.15,150,1164,101
label_a_abs,8,macro_only_logit,top_quintile_capture,0.19801980198019803,firm_year_block_bootstrap,0.13073011536126292,0.261,150,1164,101
label_a_abs,8,macro_only_logit,brier,0.0799919041359728,firm_year_block_bootstrap,0.04945929590753194,0.1172184036595741,150,1164,101
label_a_abs,8,price_relative_logit,AUROC,0.7747827463837635,firm_year_block_bootstrap,0.6799536449116582,0.8631129168056578,150,1164,101
label_a_abs,8,price_relative_logit,AUPRC,0.3792301371232277,firm_year_block_bootstrap,0.1500223521423741,0.5948416772152663,150,1164,101
label_a_abs,8,price_relative_logit,top_decile_capture,0.36633663366336633,firm_year_block_bootstrap,0.2140872175141243,0.5524113082039912,150,1164,101
label_a_abs,8,price_relative_logit,top_quintile_capture,0.5544554455445545,firm_year_block_bootstrap,0.35345901072293323,0.7227149706155274,150,1164,101
label_a_abs,8,price_relative_logit,brier,0.0700203316044942,firm_year_block_bootstrap,0.039383968996447645,0.10811827149289299,150,1164,101
label_a_abs,8,price_macro_logit,AUROC,0.8013188901204326,firm_year_block_bootstrap,0.7150358174868751,0.8747160727136795,150,1164,101
label_a_abs,8,price_macro_logit,AUPRC,0.4005618417369369,firm_year_block_bootstrap,0.15592724412447884,0.6091402417212232,150,1164,101
label_a_abs,8,price_macro_logit,top_decile_capture,0.3564356435643564,firm_year_block_bootstrap,0.21863978494623657,0.5550087108013939,150,1164,101
label_a_abs,8,price_macro_logit,top_quintile_capture,0.5841584158415841,firm_year_block_bootstrap,0.42258986928104575,0.7467313585291114,150,1164,101
label_a_abs,8,price_macro_logit,brier,0.06544084774015617,firm_year_block_bootstrap,0.03904651996586687,0.09806377511235019,150,1164,101
label_a_abs,9,naive_drawdown_baseline,AUROC,0.7784925590392829,firm_year_block_bootstrap,0.693331815375301,0.87098544822041,150,1182,219
label_a_abs,9,naive_drawdown_baseline,AUPRC,0.4698122628930872,firm_year_block_bootstrap,0.2939136952829981,0.6150255591526941,150,1182,219
label_a_abs,9,naive_drawdown_baseline,top_decile_capture,0.3165137614678899,firm_year_block_bootstrap,0.2270321509697711,0.4453733363410784,150,1182,219
label_a_abs,9,naive_drawdown_baseline,top_quintile_capture,0.47706422018348627,firm_year_block_bootstrap,0.341103216559037,0.6224196094406397,150,1182,219
label_a_abs,9,naive_drawdown_baseline,brier,0.13357570204059616,firm_year_block_bootstrap,0.09588488880945444,0.16928703778059434,150,1182,219
label_a_abs,9,naive_momentum_vol_baseline,AUROC,0.6966481268107181,firm_year_block_bootstrap,0.5890601292201111,0.8055970412601227,150,1182,219
label_a_abs,9,naive_momentum_vol_baseline,AUPRC,0.32671505387330957,firm_year_block_bootstrap,0.20551130013012014,0.473868011773067,150,1182,219
label_a_abs,9,naive_momentum_vol_baseline,top_decile_capture,0.1780821917808219,firm_year_block_bootstrap,0.08240001765692592,0.3105382058245154,150,1182,219
label_a_abs,9,naive_momentum_vol_baseline,top_quintile_capture,0.3926940639269406,firm_year_block_bootstrap,0.2588320008511673,0.5518603465851173,150,1182,219
label_a_abs,9,naive_momentum_vol_baseline,brier,0.16912105319467555,firm_year_block_bootstrap,0.108375654334493,0.22748374384184383,150,1182,219
label_a_abs,9,macro_only_logit,AUROC,0.5587751366780941,firm_year_block_bootstrap,0.5364103139401473,0.5889282083595465,150,1182,219
label_a_abs,9,macro_only_logit,AUPRC,0.2202337235156095,firm_year_block_bootstrap,0.15347816140412193,0.29694158823522987,150,1182,219
label_a_abs,9,macro_only_logit,top_decile_capture,0.1232876712328767,firm_year_block_bootstrap,0.10398290644769519,0.15477560270970314,150,1182,219
label_a_abs,9,macro_only_logit,top_quintile_capture,0.2511415525114155,firm_year_block_bootstrap,0.21906233824290622,0.30407132164242945,150,1182,219
label_a_abs,9,macro_only_logit,brier,0.17840323794270338,firm_year_block_bootstrap,0.11562766390337516,0.23429608905877405,150,1182,219
label_a_abs,9,price_relative_logit,AUROC,0.6954390057705895,firm_year_block_bootstrap,0.5924464753493646,0.8049619073359895,150,1182,219
label_a_abs,9,price_relative_logit,AUPRC,0.3291947315972865,firm_year_block_bootstrap,0.2073387056186514,0.47439097665846924,150,1182,219
label_a_abs,9,price_relative_logit,top_decile_capture,0.1872146118721461,firm_year_block_bootstrap,0.07931648118890954,0.3237216014666898,150,1182,219
label_a_abs,9,price_relative_logit,top_quintile_capture,0.3881278538812785,firm_year_block_bootstrap,0.26043440451392397,0.5465978593272172,150,1182,219
label_a_abs,9,price_relative_logit,brier,0.16898828761096515,firm_year_block_bootstrap,0.1082834107021701,0.22726853652921022,150,1182,219
label_a_abs,9,price_macro_logit,AUROC,0.7253161495896101,firm_year_block_bootstrap,0.6280108506352773,0.8277187040907668,150,1182,219
label_a_abs,9,price_macro_logit,AUPRC,0.36616552318902007,firm_year_block_bootstrap,0.23525647852219703,0.5065598159711007,150,1182,219
label_a_abs,9,price_macro_logit,top_decile_capture,0.2237442922374429,firm_year_block_bootstrap,0.12729134030022407,0.34364701741578896,150,1182,219
label_a_abs,9,price_macro_logit,top_quintile_capture,0.4474885844748858,firm_year_block_bootstrap,0.30828144828680204,0.5976172273190622,150,1182,219
label_a_abs,9,price_macro_logit,brier,0.168915168364188,firm_year_block_bootstrap,0.10813049358152348,0.22786353918371602,150,1182,219
label_a_abs,10,naive_drawdown_baseline,AUROC,0.7492677345537757,firm_year_block_bootstrap,0.6646809597667483,0.8268710423014635,150,1188,38
label_a_abs,10,naive_drawdown_baseline,AUPRC,0.0683557871267781,firm_year_block_bootstrap,0.03851448618603126,0.1094394590467959,150,1188,38
label_a_abs,10,naive_drawdown_baseline,top_decile_capture,0.13157894736842105,firm_year_block_bootstrap,0.0,0.427140974967062,150,1188,38
label_a_abs,10,naive_drawdown_baseline,top_quintile_capture,0.47368421052631576,firm_year_block_bootstrap,0.26368217054263565,0.7681034482758623,150,1188,38
label_a_abs,10,naive_drawdown_baseline,brier,0.1368676307393622,firm_year_block_bootstrap,0.10446635198505767,0.16975230382566633,150,1188,38
label_a_abs,10,naive_momentum_vol_baseline,AUROC,0.45324942791762013,firm_year_block_bootstrap,0.33245662181170854,0.5808002871235735,150,1188,38
label_a_abs,10,naive_momentum_vol_baseline,AUPRC,0.06782853827273898,firm_year_block_bootstrap,0.019100345433980388,0.1366477023071277,150,1188,38
label_a_abs,10,naive_momentum_vol_baseline,top_decile_capture,0.10526315789473684,firm_year_block_bootstrap,0.0,0.2582500000000002,150,1188,38
label_a_abs,10,naive_momentum_vol_baseline,top_quintile_capture,0.10526315789473684,firm_year_block_bootstrap,0.0,0.2582500000000002,150,1188,38
label_a_abs,10,naive_momentum_vol_baseline,brier,0.07496843917893725,firm_year_block_bootstrap,0.04841645871566525,0.09492138433214131,150,1188,38
label_a_abs,10,macro_only_logit,AUROC,0.6449885583524028,firm_year_block_bootstrap,0.5890964864393783,0.6817341532030875,150,1188,38
label_a_abs,10,macro_only_logit,AUPRC,0.04319170209358397,firm_year_block_bootstrap,0.028583371337680016,0.05791318452304257,150,1188,38
label_a_abs,10,macro_only_logit,top_decile_capture,0.0,firm_year_block_bootstrap,0.0,0.0,150,1188,38
label_a_abs,10,macro_only_logit,top_quintile_capture,0.0,firm_year_block_bootstrap,0.0,0.0,150,1188,38
label_a_abs,10,macro_only_logit,brier,0.03102779627172036,firm_year_block_bootstrap,0.018918123688574876,0.04394795452923971,150,1188,38
label_a_abs,10,price_relative_logit,AUROC,0.47693363844393594,firm_year_block_bootstrap,0.3564948494986484,0.6022027904394459,150,1188,38
label_a_abs,10,price_relative_logit,AUPRC,0.06882452615418769,firm_year_block_bootstrap,0.020165559923408953,0.1418269453681751,150,1188,38
label_a_abs,10,price_relative_logit,top_decile_capture,0.10526315789473684,firm_year_block_bootstrap,0.0,0.2582500000000002,150,1188,38
label_a_abs,10,price_relative_logit,top_quintile_capture,0.10526315789473684,firm_year_block_bootstrap,0.0,0.2582500000000002,150,1188,38
label_a_abs,10,price_relative_logit,brier,0.07488651152815969,firm_year_block_bootstrap,0.04860037395518226,0.09489581146358948,150,1188,38
label_a_abs,10,price_macro_logit,AUROC,0.6258810068649886,firm_year_block_bootstrap,0.5258958275035656,0.7375676782067477,150,1188,38
label_a_abs,10,price_macro_logit,AUPRC,0.05806286445209653,firm_year_block_bootstrap,0.0242717094787921,0.14548768490261982,150,1188,38
label_a_abs,10,price_macro_logit,top_decile_capture,0.10526315789473684,firm_year_block_bootstrap,0.0,0.25275757575757596,150,1188,38
label_a_abs,10,price_macro_logit,top_quintile_capture,0.18421052631578946,firm_year_block_bootstrap,0.04815655133295519,0.4222222222222224,150,1188,38
label_a_abs,10,price_macro_logit,brier,0.054292904584919345,firm_year_block_bootstrap,0.03243552492014508,0.07299943086971984,150,1188,38
label_a_abs,11,naive_drawdown_baseline,AUROC,0.6720818033018029,firm_year_block_bootstrap,0.5931697578798685,0.7390727714777885,150,1199,157
label_a_abs,11,naive_drawdown_baseline,AUPRC,0.2745088368786428,firm_year_block_bootstrap,0.16350417992883892,0.39854539528280153,150,1199,157
label_a_abs,11,naive_drawdown_baseline,top_decile_capture,0.22929936305732485,firm_year_block_bootstrap,0.13436170212765958,0.3249950651401501,150,1199,157
label_a_abs,11,naive_drawdown_baseline,top_quintile_capture,0.39490445859872614,firm_year_block_bootstrap,0.27136198547215495,0.505744827586207,150,1199,157
label_a_abs,11,naive_drawdown_baseline,brier,0.1286718658681166,firm_year_block_bootstrap,0.10407224290322958,0.15530059024815773,150,1199,157
label_a_abs,11,naive_momentum_vol_baseline,AUROC,0.7229543870802108,firm_year_block_bootstrap,0.611392621105188,0.8028048169332371,150,1199,157
label_a_abs,11,naive_momentum_vol_baseline,AUPRC,0.25902464951719834,firm_year_block_bootstrap,0.14384168882657747,0.4082041226893863,150,1199,157
label_a_abs,11,naive_momentum_vol_baseline,top_decile_capture,0.25477707006369427,firm_year_block_bootstrap,0.11582438238453277,0.3732766977907037,150,1199,157
label_a_abs,11,naive_momentum_vol_baseline,top_quintile_capture,0.4267515923566879,firm_year_block_bootstrap,0.2545,0.5798437500000001,150,1199,157
label_a_abs,11,naive_momentum_vol_baseline,brier,0.11801617680348443,firm_year_block_bootstrap,0.08062964763682753,0.16571256549673546,150,1199,157
label_a_abs,11,macro_only_logit,AUROC,0.5812071347359927,firm_year_block_bootstrap,0.5394835025705202,0.6323177326375906,150,1199,157
label_a_abs,11,macro_only_logit,AUPRC,0.17032765865690852,firm_year_block_bootstrap,0.13070966436103032,0.24133152412214876,150,1199,157
label_a_abs,11,macro_only_logit,top_decile_capture,0.1592356687898089,firm_year_block_bootstrap,0.1436417748917749,0.22061111111111112,150,1199,157
label_a_abs,11,macro_only_logit,top_quintile_capture,0.27388535031847133,firm_year_block_bootstrap,0.23204854531935817,0.3372874149659864,150,1199,157
label_a_abs,11,macro_only_logit,brier,0.11627862753862563,firm_year_block_bootstrap,0.07803182057671942,0.16304321375797273,150,1199,157
label_a_abs,11,price_relative_logit,AUROC,0.7235595437485483,firm_year_block_bootstrap,0.6123833802574147,0.803865725520215,150,1199,157
label_a_abs,11,price_relative_logit,AUPRC,0.2617802391247651,firm_year_block_bootstrap,0.1427732212896405,0.4143602048388151,150,1199,157
label_a_abs,11,price_relative_logit,top_decile_capture,0.2484076433121019,firm_year_block_bootstrap,0.11964017185821697,0.3765421705189041,150,1199,157
label_a_abs,11,price_relative_logit,top_quintile_capture,0.4394904458598726,firm_year_block_bootstrap,0.2593333333333333,0.588103448275862,150,1199,157
label_a_abs,11,price_relative_logit,brier,0.11799139800158284,firm_year_block_bootstrap,0.08058607045163803,0.16562995568246244,150,1199,157
label_a_abs,11,price_macro_logit,AUROC,0.7637260535227454,firm_year_block_bootstrap,0.6579458559556363,0.843694999628974,150,1199,157
label_a_abs,11,price_macro_logit,AUPRC,0.3236950554394834,firm_year_block_bootstrap,0.16802742015144823,0.5107464210774199,150,1199,157
label_a_abs,11,price_macro_logit,top_decile_capture,0.3184713375796178,firm_year_block_bootstrap,0.17241666666666666,0.44759528130671516,150,1199,157
label_a_abs,11,price_macro_logit,top_quintile_capture,0.45222929936305734,firm_year_block_bootstrap,0.2781043256997456,0.6005913978494624,150,1199,157
label_a_abs,11,price_macro_logit,brier,0.10539653715107578,firm_year_block_bootstrap,0.07802543149055341,0.14200395200207186,150,1199,157
label_a_abs,12,naive_drawdown_baseline,AUROC,0.6932568149210904,firm_year_block_bootstrap,0.6176769884651483,0.7889543042247473,150,1192,85
label_a_abs,12,naive_drawdown_baseline,AUPRC,0.13275225894474826,firm_year_block_bootstrap,0.08435574377238672,0.18970499366256602,150,1192,85
label_a_abs,12,naive_drawdown_baseline,top_decile_capture,0.25882352941176473,firm_year_block_bootstrap,0.08922037422037422,0.4358879781420766,150,1192,85
label_a_abs,12,naive_drawdown_baseline,top_quintile_capture,0.4235294117647059,firm_year_block_bootstrap,0.2904945054945055,0.6296113445378151,150,1192,85
label_a_abs,12,naive_drawdown_baseline,brier,0.15602289396438304,firm_year_block_bootstrap,0.12378628261028314,0.19231514992102516,150,1192,85
label_a_abs,12,naive_momentum_vol_baseline,AUROC,0.7576279292204686,firm_year_block_bootstrap,0.6823911509650447,0.8197322694469169,150,1192,85
label_a_abs,12,naive_momentum_vol_baseline,AUPRC,0.16089598555901244,firm_year_block_bootstrap,0.10119442412673813,0.23513634353789908,150,1192,85
label_a_abs,12,naive_momentum_vol_baseline,top_decile_capture,0.29411764705882354,firm_year_block_bootstrap,0.13362112112112112,0.4717857142857143,150,1192,85
label_a_abs,12,naive_momentum_vol_baseline,top_quintile_capture,0.4823529411764706,firm_year_block_bootstrap,0.34541666666666665,0.6502941176470589,150,1192,85
label_a_abs,12,naive_momentum_vol_baseline,brier,0.07597864761110065,firm_year_block_bootstrap,0.05053071109570095,0.1062759511578707,150,1192,85
label_a_abs,12,macro_only_logit,AUROC,0.34269621127583827,firm_year_block_bootstrap,0.28378823414965254,0.39613693038127296,150,1192,85
label_a_abs,12,macro_only_logit,AUPRC,0.05141932599774147,firm_year_block_bootstrap,0.03107269026335564,0.0765132854135738,150,1192,85
label_a_abs,12,macro_only_logit,top_decile_capture,0.03529411764705882,firm_year_block_bootstrap,0.0,0.0874105668684645,150,1192,85
label_a_abs,12,macro_only_logit,top_quintile_capture,0.11764705882352941,firm_year_block_bootstrap,0.024520348837209303,0.1292626728110599,150,1192,85
label_a_abs,12,macro_only_logit,brier,0.07734213313618721,firm_year_block_bootstrap,0.057497294999977806,0.09893650618227795,150,1192,85
label_a_abs,12,price_relative_logit,AUROC,0.7591051596790478,firm_year_block_bootstrap,0.6845211581493958,0.8204392082967027,150,1192,85
label_a_abs,12,price_relative_logit,AUPRC,0.16093646993791155,firm_year_block_bootstrap,0.10283567454447584,0.23144783405942654,150,1192,85
label_a_abs,12,price_relative_logit,top_decile_capture,0.29411764705882354,firm_year_block_bootstrap,0.13414039039039038,0.46690476190476193,150,1192,85
label_a_abs,12,price_relative_logit,top_quintile_capture,0.49411764705882355,firm_year_block_bootstrap,0.3405063291139241,0.648033309709426,150,1192,85
label_a_abs,12,price_relative_logit,brier,0.07624424244820972,firm_year_block_bootstrap,0.050837152116851414,0.10664021577367928,150,1192,85
label_a_abs,12,price_macro_logit,AUROC,0.7768744354110207,firm_year_block_bootstrap,0.7006643960940849,0.8345129158837977,150,1192,85
label_a_abs,12,price_macro_logit,AUPRC,0.18231776731790797,firm_year_block_bootstrap,0.11610752101032067,0.26293970539358447,150,1192,85
label_a_abs,12,price_macro_logit,top_decile_capture,0.3411764705882353,firm_year_block_bootstrap,0.15573937908496732,0.5021153846153846,150,1192,85
label_a_abs,12,price_macro_logit,top_quintile_capture,0.5411764705882353,firm_year_block_bootstrap,0.40166139240506327,0.6862053571428571,150,1192,85
label_a_abs,12,price_macro_logit,brier,0.10220777460409233,firm_year_block_bootstrap,0.0741922660529656,0.13792484667353883,150,1192,85
label_a_abs,13,naive_drawdown_baseline,AUROC,0.6692797823596792,firm_year_block_bootstrap,0.38581773573512884,0.8181872552665591,150,1188,24
label_a_abs,13,naive_drawdown_baseline,AUPRC,0.06704842231979229,firm_year_block_bootstrap,0.012050753129338216,0.1343618418679588,150,1188,24
label_a_abs,13,naive_drawdown_baseline,top_decile_capture,0.4166666666666667,firm_year_block_bootstrap,0.07569444444444444,0.628125,150,1188,24
label_a_abs,13,naive_drawdown_baseline,top_quintile_capture,0.5,firm_year_block_bootstrap,0.13794642857142858,0.6699404761904763,150,1188,24
label_a_abs,13,naive_drawdown_baseline,brier,0.12130825810591611,firm_year_block_bootstrap,0.09341151498062117,0.1475290580430236,150,1188,24
label_a_abs,13,naive_momentum_vol_baseline,AUROC,0.7092640320733105,firm_year_block_bootstrap,0.4720497320629375,0.84967130441617,150,1188,24
label_a_abs,13,naive_momentum_vol_baseline,AUPRC,0.07813733076316828,firm_year_block_bootstrap,0.013723250402985453,0.17198379937821928,150,1188,24
label_a_abs,13,naive_momentum_vol_baseline,top_decile_capture,0.4166666666666667,firm_year_block_bootstrap,0.07659313725490197,0.6180288461538462,150,1188,24
label_a_abs,13,naive_momentum_vol_baseline,top_quintile_capture,0.5,firm_year_block_bootstrap,0.16666666666666666,0.6723958333333334,150,1188,24
label_a_abs,13,naive_momentum_vol_baseline,brier,0.021754830480753422,firm_year_block_bootstrap,0.009676285327842543,0.035512813197837646,150,1188,24
label_a_abs,13,macro_only_logit,AUROC,0.5673324742268041,firm_year_block_bootstrap,0.5403404672094141,0.6258474576271187,150,1188,24
label_a_abs,13,macro_only_logit,AUPRC,0.03091674864418148,firm_year_block_bootstrap,0.00876072246463938,0.06764579948914909,150,1188,24
label_a_abs,13,macro_only_logit,top_decile_capture,0.08333333333333333,firm_year_block_bootstrap,0.0,0.15713261648745522,150,1188,24
label_a_abs,13,macro_only_logit,top_quintile_capture,0.25,firm_year_block_bootstrap,0.0,0.32070967741935485,150,1188,24
label_a_abs,13,macro_only_logit,brier,0.047046814726404707,firm_year_block_bootstrap,0.038678598627611596,0.05764015879729076,150,1188,24
label_a_abs,13,price_relative_logit,AUROC,0.7080111683848798,firm_year_block_bootstrap,0.47182756059971703,0.8468435412048013,150,1188,24
label_a_abs,13,price_relative_logit,AUPRC,0.07696919941828499,firm_year_block_bootstrap,0.013823252477958058,0.16649736274186913,150,1188,24
label_a_abs,13,price_relative_logit,top_decile_capture,0.4166666666666667,firm_year_block_bootstrap,0.08882575757575757,0.6023913043478262,150,1188,24
label_a_abs,13,price_relative_logit,top_quintile_capture,0.5,firm_year_block_bootstrap,0.17192028985507246,0.6666666666666666,150,1188,24
label_a_abs,13,price_relative_logit,brier,0.021700713352574758,firm_year_block_bootstrap,0.00967367398417943,0.035471262483823006,150,1188,24
label_a_abs,13,price_macro_logit,AUROC,0.7701174112256587,firm_year_block_bootstrap,0.6012159291325958,0.8623369602027189,150,1188,24
label_a_abs,13,price_macro_logit,AUPRC,0.07857740668848384,firm_year_block_bootstrap,0.015762182235364543,0.1609695501472611,150,1188,24
label_a_abs,13,price_macro_logit,top_decile_capture,0.3333333333333333,firm_year_block_bootstrap,0.07569444444444444,0.5656159420289855,150,1188,24
label_a_abs,13,price_macro_logit,top_quintile_capture,0.5833333333333334,firm_year_block_bootstrap,0.24791666666666667,0.81474358974359,150,1188,24
label_a_abs,13,price_macro_logit,brier,0.04206266866894347,firm_year_block_bootstrap,0.027836766925249737,0.055286752989761406,150,1188,24
label_a_abs,14,naive_drawdown_baseline,AUROC,0.6399103299856528,firm_year_block_bootstrap,0.5072889474005792,0.7461900369779545,150,1782,82
label_a_abs,14,naive_drawdown_baseline,AUPRC,0.11363607995948172,firm_year_block_bootstrap,0.03546241010433823,0.21591147856652723,150,1782,82
label_a_abs,14,naive_drawdown_baseline,top_decile_capture,0.23170731707317074,firm_year_block_bootstrap,0.04817588325652842,0.4037140724150802,150,1782,82
label_a_abs,14,naive_drawdown_baseline,top_quintile_capture,0.32926829268292684,firm_year_block_bootstrap,0.12008928571428572,0.5292641325536063,150,1782,82
label_a_abs,14,naive_drawdown_baseline,brier,0.13383587257979973,firm_year_block_bootstrap,0.11101871555106572,0.15889927629360262,150,1782,82
label_a_abs,14,naive_momentum_vol_baseline,AUROC,0.6642037302725968,firm_year_block_bootstrap,0.5194441112268102,0.7732264044470993,150,1782,82
label_a_abs,14,naive_momentum_vol_baseline,AUPRC,0.11108098548498259,firm_year_block_bootstrap,0.039183602602801536,0.2221776549596398,150,1782,82
label_a_abs,14,naive_momentum_vol_baseline,top_decile_capture,0.24390243902439024,firm_year_block_bootstrap,0.04417874396135266,0.40489829319616555,150,1782,82
label_a_abs,14,naive_momentum_vol_baseline,top_quintile_capture,0.3170731707317073,firm_year_block_bootstrap,0.10017006802721089,0.5294284097340125,150,1782,82
label_a_abs,14,naive_momentum_vol_baseline,brier,0.04318007433117902,firm_year_block_bootstrap,0.026042132552560347,0.06549377018306064,150,1782,82
label_a_abs,14,macro_only_logit,AUROC,0.564648493543759,firm_year_block_bootstrap,0.4578762769379377,0.6353910320111329,150,1782,82
label_a_abs,14,macro_only_logit,AUPRC,0.05732082443014094,firm_year_block_bootstrap,0.02707938515155834,0.09986419974021774,150,1782,82
label_a_abs,14,macro_only_logit,top_decile_capture,0.12195121951219512,firm_year_block_bootstrap,0.03430956423316355,0.17761103690098515,150,1782,82
label_a_abs,14,macro_only_logit,top_quintile_capture,0.2682926829268293,firm_year_block_bootstrap,0.14991055456171737,0.3268986283037805,150,1782,82
label_a_abs,14,macro_only_logit,brier,0.07295897545310222,firm_year_block_bootstrap,0.06167129794797461,0.08648030118289314,150,1782,82
label_a_abs,14,price_relative_logit,AUROC,0.6610975609756098,firm_year_block_bootstrap,0.5150530340200892,0.7695139173721256,150,1782,82
label_a_abs,14,price_relative_logit,AUPRC,0.110558397775825,firm_year_block_bootstrap,0.03874917481148504,0.2217587505761141,150,1782,82
label_a_abs,14,price_relative_logit,top_decile_capture,0.25609756097560976,firm_year_block_bootstrap,0.05769420671494404,0.40489829319616555,150,1782,82
label_a_abs,14,price_relative_logit,top_quintile_capture,0.32926829268292684,firm_year_block_bootstrap,0.10187814256137238,0.5503584229390681,150,1782,82
label_a_abs,14,price_relative_logit,brier,0.04321518767127146,firm_year_block_bootstrap,0.026089517855924185,0.06555358735798657,150,1782,82
label_a_abs,14,price_macro_logit,AUROC,0.7059469153515064,firm_year_block_bootstrap,0.5610612085358166,0.8106507865159329,150,1782,82
label_a_abs,14,price_macro_logit,AUPRC,0.13654928610101089,firm_year_block_bootstrap,0.039713350305333586,0.2877912729012605,150,1782,82
label_a_abs,14,price_macro_logit,top_decile_capture,0.2926829268292683,firm_year_block_bootstrap,0.05825396825396825,0.4743734335839599,150,1782,82
label_a_abs,14,price_macro_logit,top_quintile_capture,0.4146341463414634,firm_year_block_bootstrap,0.18020700230002556,0.6363561388410787,150,1782,82
label_a_abs,14,price_macro_logit,brier,0.08874101899335585,firm_year_block_bootstrap,0.07283198327354848,0.10492902526527716,150,1782,82
label_a_rel,1,naive_drawdown_baseline,AUROC,0.5927650082436233,firm_year_block_bootstrap,0.46341440144043644,0.7300581770057837,150,1091,106
label_a_rel,1,naive_drawdown_baseline,AUPRC,0.1642457999776058,firm_year_block_bootstrap,0.08413567155873931,0.3207851252692818,150,1091,106
label_a_rel,1,naive_drawdown_baseline,top_decile_capture,0.19047619047619047,firm_year_block_bootstrap,0.04108695652173913,0.3475831600831601,150,1091,106
label_a_rel,1,naive_drawdown_baseline,top_quintile_capture,0.34285714285714286,firm_year_block_bootstrap,0.16750214391517892,0.5095629904097646,150,1091,106
label_a_rel,1,naive_drawdown_baseline,brier,0.14193278466181047,firm_year_block_bootstrap,0.10091680371699746,0.18728677998211773,150,1091,106
label_a_rel,2,naive_drawdown_baseline,AUROC,0.6317414573898724,firm_year_block_bootstrap,0.4784941950424113,0.7767994705278365,150,1100,58
label_a_rel,2,naive_drawdown_baseline,AUPRC,0.12388505614771647,firm_year_block_bootstrap,0.03283479720769642,0.29883372852067136,150,1100,58
label_a_rel,2,naive_drawdown_baseline,top_decile_capture,0.21428571428571427,firm_year_block_bootstrap,0.010661764705882353,0.4550000000000001,150,1100,58
label_a_rel,2,naive_drawdown_baseline,top_quintile_capture,0.32142857142857145,firm_year_block_bootstrap,0.08066764490095378,0.59468085106383,150,1100,58
label_a_rel,2,naive_drawdown_baseline,brier,0.08525383963077422,firm_year_block_bootstrap,0.05856939206258315,0.1142625465283271,150,1100,58
label_a_rel,3,naive_drawdown_baseline,AUROC,0.5369648318042813,firm_year_block_bootstrap,0.24684072599324422,0.682006139133359,150,1116,24
label_a_rel,3,naive_drawdown_baseline,AUPRC,0.037106593872511605,firm_year_block_bootstrap,0.008392889814097967,0.09100259844485685,150,1116,24
label_a_rel,3,naive_drawdown_baseline,top_decile_capture,0.3333333333333333,firm_year_block_bootstrap,0.07075123152709359,0.5792857142857144,150,1116,24
label_a_rel,3,naive_drawdown_baseline,top_quintile_capture,0.375,firm_year_block_bootstrap,0.08157051282051282,0.649404761904762,150,1116,24
label_a_rel,3,naive_drawdown_baseline,brier,0.08230070503299171,firm_year_block_bootstrap,0.05984823048439611,0.11075571501217177,150,1116,24
label_a_rel,3,naive_momentum_vol_baseline,AUROC,0.8321123321123322,firm_year_block_bootstrap,0.6410995763978898,0.9598355177248423,150,1116,24
label_a_rel,3,naive_momentum_vol_baseline,AUPRC,0.20219996029502063,firm_year_block_bootstrap,0.021263337868017818,0.7418067713145353,150,1116,24
label_a_rel,3,naive_momentum_vol_baseline,top_decile_capture,0.5833333333333334,firm_year_block_bootstrap,0.09746963562753036,0.9199404761904763,150,1116,24
label_a_rel,3,naive_momentum_vol_baseline,top_quintile_capture,0.5833333333333334,firm_year_block_bootstrap,0.10950292397660819,0.9199404761904763,150,1116,24
label_a_rel,3,naive_momentum_vol_baseline,brier,0.02146559806500998,firm_year_block_bootstrap,0.008518229558750756,0.03439856652076584,150,1116,24
label_a_rel,3,macro_only_logit,AUROC,0.5745192307692307,firm_year_block_bootstrap,0.39364421863238563,0.8390655040034339,150,1116,24
label_a_rel,3,macro_only_logit,AUPRC,0.032001354056054324,firm_year_block_bootstrap,0.010817108905483758,0.08494784395605892,150,1116,24
label_a_rel,3,macro_only_logit,top_decile_capture,0.16666666666666666,firm_year_block_bootstrap,0.0,0.4,150,1116,24
label_a_rel,3,macro_only_logit,top_quintile_capture,0.3333333333333333,firm_year_block_bootstrap,0.13687169312169312,0.8091666666666669,150,1116,24
label_a_rel,3,macro_only_logit,brier,0.022371713497692878,firm_year_block_bootstrap,0.008560082803428192,0.03819437277445916,150,1116,24
label_a_rel,3,price_relative_logit,AUROC,0.8320360195360196,firm_year_block_bootstrap,0.6409478921800225,0.9598355177248423,150,1116,24
label_a_rel,3,price_relative_logit,AUPRC,0.20174596378446744,firm_year_block_bootstrap,0.021263337868017818,0.7418067713145353,150,1116,24
label_a_rel,3,price_relative_logit,top_decile_capture,0.5833333333333334,firm_year_block_bootstrap,0.09746963562753036,0.9199404761904763,150,1116,24
label_a_rel,3,price_relative_logit,top_quintile_capture,0.5833333333333334,firm_year_block_bootstrap,0.10950292397660819,0.9199404761904763,150,1116,24
label_a_rel,3,price_relative_logit,brier,0.02146410641297818,firm_year_block_bootstrap,0.008518717224920987,0.034397250755913086,150,1116,24
label_a_rel,3,price_macro_logit,AUROC,0.796092796092796,firm_year_block_bootstrap,0.5355437384554326,0.9781681070300814,150,1116,24
label_a_rel,3,price_macro_logit,AUPRC,0.24598412265483488,firm_year_block_bootstrap,0.018150888400199072,0.7699661382330836,150,1116,24
label_a_rel,3,price_macro_logit,top_decile_capture,0.5416666666666666,firm_year_block_bootstrap,0.06796218487394957,0.864469696969697,150,1116,24
label_a_rel,3,price_macro_logit,top_quintile_capture,0.6666666666666666,firm_year_block_bootstrap,0.2554953560371517,1.0,150,1116,24
label_a_rel,3,price_macro_logit,brier,0.018708912564442792,firm_year_block_bootstrap,0.006442077664616183,0.03228799701781379,150,1116,24
label_a_rel,4,naive_drawdown_baseline,AUROC,0.5723484247403049,firm_year_block_bootstrap,0.41066331594400507,0.7096932959017582,150,1116,79
label_a_rel,4,naive_drawdown_baseline,AUPRC,0.1317054828740156,firm_year_block_bootstrap,0.04182199759349458,0.28280069746509906,150,1116,79
label_a_rel,4,naive_drawdown_baseline,top_decile_capture,0.20253164556962025,firm_year_block_bootstrap,0.0687960235640648,0.32687356979405036,150,1116,79
label_a_rel,4,naive_drawdown_baseline,top_quintile_capture,0.3670886075949367,firm_year_block_bootstrap,0.1565737704918033,0.5341656253003941,150,1116,79
label_a_rel,4,naive_drawdown_baseline,brier,0.09359916938691464,firm_year_block_bootstrap,0.06804900735615275,0.12130697195793949,150,1116,79
label_a_rel,4,naive_momentum_vol_baseline,AUROC,0.7387546842766989,firm_year_block_bootstrap,0.6089164551311802,0.8323154680283792,150,1116,79
label_a_rel,4,naive_momentum_vol_baseline,AUPRC,0.19779880440277364,firm_year_block_bootstrap,0.07587090818700984,0.34161469018970103,150,1116,79
label_a_rel,4,naive_momentum_vol_baseline,top_decile_capture,0.379746835443038,firm_year_block_bootstrap,0.14207142857142857,0.5953774062816616,150,1116,79
label_a_rel,4,naive_momentum_vol_baseline,top_quintile_capture,0.5189873417721519,firm_year_block_bootstrap,0.32239043158246905,0.726793591827258,150,1116,79
label_a_rel,4,naive_momentum_vol_baseline,brier,0.06385632896225908,firm_year_block_bootstrap,0.03513420157924445,0.09449090167277177,150,1116,79
label_a_rel,4,macro_only_logit,AUROC,0.39839849614882267,firm_year_block_bootstrap,0.2887497227737411,0.47202890261662805,150,1116,79
label_a_rel,4,macro_only_logit,AUPRC,0.060196597136408556,firm_year_block_bootstrap,0.029709124060308005,0.09757660281983634,150,1116,79
label_a_rel,4,macro_only_logit,top_decile_capture,0.0759493670886076,firm_year_block_bootstrap,0.01659153005464481,0.11318267419962338,150,1116,79
label_a_rel,4,macro_only_logit,top_quintile_capture,0.11392405063291139,firm_year_block_bootstrap,0.03318306010928962,0.18374975311080394,150,1116,79
label_a_rel,4,macro_only_logit,brier,0.06658027779198517,firm_year_block_bootstrap,0.03881949928736654,0.09536537127961307,150,1116,79
label_a_rel,4,price_relative_logit,AUROC,0.7362645410934658,firm_year_block_bootstrap,0.6043938162124164,0.8318023824287774,150,1116,79
label_a_rel,4,price_relative_logit,AUPRC,0.19815296516881228,firm_year_block_bootstrap,0.07656633615202071,0.3413665551082814,150,1116,79
label_a_rel,4,price_relative_logit,top_decile_capture,0.379746835443038,firm_year_block_bootstrap,0.14207142857142857,0.5976683182745556,150,1116,79
label_a_rel,4,price_relative_logit,top_quintile_capture,0.5189873417721519,firm_year_block_bootstrap,0.3314625850340136,0.7330409932991723,150,1116,79
label_a_rel,4,price_relative_logit,brier,0.06389541874077896,firm_year_block_bootstrap,0.035145054642449984,0.0945811581760104,150,1116,79
label_a_rel,4,price_macro_logit,AUROC,0.6564945131403879,firm_year_block_bootstrap,0.48460975838464665,0.778249419758009,150,1116,79
label_a_rel,4,price_macro_logit,AUPRC,0.15183598572088608,firm_year_block_bootstrap,0.05101287592188799,0.2769212673353225,150,1116,79
label_a_rel,4,price_macro_logit,top_decile_capture,0.2911392405063291,firm_year_block_bootstrap,0.13034013605442177,0.5014473684210526,150,1116,79
label_a_rel,4,price_macro_logit,top_quintile_capture,0.46835443037974683,firm_year_block_bootstrap,0.2369644538606403,0.6895679012345679,150,1116,79
label_a_rel,4,price_macro_logit,brier,0.06791511401695864,firm_year_block_bootstrap,0.036875767725959116,0.09837616731625172,150,1116,79
label_a_rel,5,naive_drawdown_baseline,AUROC,0.682851500126061,firm_year_block_bootstrap,0.5756047511151142,0.7643728998373371,150,1130,148
label_a_rel,5,naive_drawdown_baseline,AUPRC,0.3203379031945105,firm_year_block_bootstrap,0.1787251718646343,0.4987037388896829,150,1130,148
label_a_rel,5,naive_drawdown_baseline,top_decile_capture,0.273972602739726,firm_year_block_bootstrap,0.1694203457361352,0.3969449880408784,150,1130,148
label_a_rel,5,naive_drawdown_baseline,top_quintile_capture,0.4383561643835616,firm_year_block_bootstrap,0.2978179104477612,0.5907066231343284,150,1130,148
label_a_rel,5,naive_drawdown_baseline,brier,0.12543274485426123,firm_year_block_bootstrap,0.0970468579265651,0.1552090760108824,150,1130,148
label_a_rel,5,naive_momentum_vol_baseline,AUROC,0.6739555237518577,firm_year_block_bootstrap,0.5822464057696936,0.7526913207287921,150,1130,148
label_a_rel,5,naive_momentum_vol_baseline,AUPRC,0.2730779025897737,firm_year_block_bootstrap,0.13010887448871278,0.4331209269543807,150,1130,148
label_a_rel,5,naive_momentum_vol_baseline,top_decile_capture,0.20270270270270271,firm_year_block_bootstrap,0.05735111662531017,0.3436063614635044,150,1130,148
label_a_rel,5,naive_momentum_vol_baseline,top_quintile_capture,0.36486486486486486,firm_year_block_bootstrap,0.20155129928315413,0.5115399572234105,150,1130,148
label_a_rel,5,naive_momentum_vol_baseline,brier,0.11476311319936867,firm_year_block_bootstrap,0.07591725174858954,0.15968180447314728,150,1130,148
label_a_rel,5,macro_only_logit,AUROC,0.5084872295921176,firm_year_block_bootstrap,0.48136311857277697,0.5341406871783072,150,1130,148
label_a_rel,5,macro_only_logit,AUPRC,0.14070536968762998,firm_year_block_bootstrap,0.0893483308124229,0.1971588208312163,150,1130,148
label_a_rel,5,macro_only_logit,top_decile_capture,0.10810810810810811,firm_year_block_bootstrap,0.08426282051282051,0.14583333333333334,150,1130,148
label_a_rel,5,macro_only_logit,top_quintile_capture,0.22297297297297297,firm_year_block_bootstrap,0.17721866566246156,0.24875,150,1130,148
label_a_rel,5,macro_only_logit,brier,0.12150082182744974,firm_year_block_bootstrap,0.07832368752021485,0.17248241439725875,150,1130,148
label_a_rel,5,price_relative_logit,AUROC,0.6729096713821765,firm_year_block_bootstrap,0.5820383132427285,0.7499499943629779,150,1130,148
label_a_rel,5,price_relative_logit,AUPRC,0.2707457477287998,firm_year_block_bootstrap,0.12950651180391642,0.43162119357798717,150,1130,148
label_a_rel,5,price_relative_logit,top_decile_capture,0.20945945945945946,firm_year_block_bootstrap,0.06636998426435878,0.3515607156452227,150,1130,148
label_a_rel,5,price_relative_logit,top_quintile_capture,0.3581081081081081,firm_year_block_bootstrap,0.20155129928315413,0.5037162162162163,150,1130,148
label_a_rel,5,price_relative_logit,brier,0.11480298400104838,firm_year_block_bootstrap,0.07592581459132733,0.15972604150023761,150,1130,148
label_a_rel,5,price_macro_logit,AUROC,0.6846342268949194,firm_year_block_bootstrap,0.5947861190247958,0.7593855743658402,150,1130,148
label_a_rel,5,price_macro_logit,AUPRC,0.2988039479885734,firm_year_block_bootstrap,0.14480837118869233,0.4466448762406976,150,1130,148
label_a_rel,5,price_macro_logit,top_decile_capture,0.22972972972972974,firm_year_block_bootstrap,0.11934862113274686,0.36196548661337397,150,1130,148
label_a_rel,5,price_macro_logit,top_quintile_capture,0.3783783783783784,firm_year_block_bootstrap,0.2730603955733459,0.5080732597020975,150,1130,148
label_a_rel,5,price_macro_logit,brier,0.1164952064166904,firm_year_block_bootstrap,0.07585877685642572,0.16295941848081133,150,1130,148
label_a_rel,6,naive_drawdown_baseline,AUROC,0.6370056497175142,firm_year_block_bootstrap,0.46948182920572457,0.7985674613266369,150,1152,59
label_a_rel,6,naive_drawdown_baseline,AUPRC,0.11817400078975408,firm_year_block_bootstrap,0.03529728113344064,0.27260843601636264,150,1152,59
label_a_rel,6,naive_drawdown_baseline,top_decile_capture,0.3559322033898305,firm_year_block_bootstrap,0.13012971698113207,0.5504040805511394,150,1152,59
label_a_rel,6,naive_drawdown_baseline,top_quintile_capture,0.4576271186440678,firm_year_block_bootstrap,0.1840625,0.7268853530950306,150,1152,59
label_a_rel,6,naive_drawdown_baseline,brier,0.10437767112881878,firm_year_block_bootstrap,0.07916685652841321,0.1293013967863997,150,1152,59
label_a_rel,6,naive_momentum_vol_baseline,AUROC,0.6220478546063548,firm_year_block_bootstrap,0.4936754929283052,0.7883064492554892,150,1152,59
label_a_rel,6,naive_momentum_vol_baseline,AUPRC,0.07076914575993724,firm_year_block_bootstrap,0.033920402237083765,0.1277409098356283,150,1152,59
label_a_rel,6,naive_momentum_vol_baseline,top_decile_capture,0.0847457627118644,firm_year_block_bootstrap,0.01977777777777778,0.24188432835820903,150,1152,59
label_a_rel,6,naive_momentum_vol_baseline,top_quintile_capture,0.3220338983050847,firm_year_block_bootstrap,0.14885416666666668,0.6250659195781147,150,1152,59
label_a_rel,6,naive_momentum_vol_baseline,brier,0.06035556786210261,firm_year_block_bootstrap,0.0362563540021948,0.0943063687031582,150,1152,59
label_a_rel,6,macro_only_logit,AUROC,0.5081876967450804,firm_year_block_bootstrap,0.41266730077371866,0.5888938510858261,150,1152,59
label_a_rel,6,macro_only_logit,AUPRC,0.051448113537078885,firm_year_block_bootstrap,0.02444578584788945,0.09243449534043319,150,1152,59
label_a_rel,6,macro_only_logit,top_decile_capture,0.06779661016949153,firm_year_block_bootstrap,0.0,0.12814229249011858,150,1152,59
label_a_rel,6,macro_only_logit,top_quintile_capture,0.2033898305084746,firm_year_block_bootstrap,0.0636111111111111,0.28187669376693775,150,1152,59
label_a_rel,6,macro_only_logit,brier,0.05010833732616209,firm_year_block_bootstrap,0.02838621990049947,0.08156919166793528,150,1152,59
label_a_rel,6,price_relative_logit,AUROC,0.6160311380588336,firm_year_block_bootstrap,0.4878031934694637,0.7832476952061587,150,1152,59
label_a_rel,6,price_relative_logit,AUPRC,0.06998318910123319,firm_year_block_bootstrap,0.033688478702281366,0.12521644807052,150,1152,59
label_a_rel,6,price_relative_logit,top_decile_capture,0.1016949152542373,firm_year_block_bootstrap,0.024700854700854702,0.25116525423728814,150,1152,59
label_a_rel,6,price_relative_logit,top_quintile_capture,0.3559322033898305,firm_year_block_bootstrap,0.15453125,0.6133188273018783,150,1152,59
label_a_rel,6,price_relative_logit,brier,0.060472602980503165,firm_year_block_bootstrap,0.03630997241126234,0.09442421292954038,150,1152,59
label_a_rel,6,price_macro_logit,AUROC,0.6122164157116938,firm_year_block_bootstrap,0.4892339619338459,0.7556646414785311,150,1152,59
label_a_rel,6,price_macro_logit,AUPRC,0.07133674051338995,firm_year_block_bootstrap,0.034753542065521004,0.12624620855041935,150,1152,59
label_a_rel,6,price_macro_logit,top_decile_capture,0.15254237288135594,firm_year_block_bootstrap,0.051250000000000004,0.2923406862745098,150,1152,59
label_a_rel,6,price_macro_logit,top_quintile_capture,0.3050847457627119,firm_year_block_bootstrap,0.1487006237006237,0.5527777777777778,150,1152,59
label_a_rel,6,price_macro_logit,brier,0.054080999863817966,firm_year_block_bootstrap,0.03138731796376759,0.08667011222235264,150,1152,59
label_a_rel,7,naive_drawdown_baseline,AUROC,0.6989593123433584,firm_year_block_bootstrap,0.6153594009061149,0.7715241844182229,150,1162,98
label_a_rel,7,naive_drawdown_baseline,AUPRC,0.17175322743856541,firm_year_block_bootstrap,0.08688591556301574,0.3088805876712511,150,1162,98
label_a_rel,7,naive_drawdown_baseline,top_decile_capture,0.20833333333333334,firm_year_block_bootstrap,0.07266503122212312,0.3626811594202899,150,1162,98
label_a_rel,7,naive_drawdown_baseline,top_quintile_capture,0.4270833333333333,firm_year_block_bootstrap,0.2756144781144781,0.5791889483065955,150,1162,98
label_a_rel,7,naive_drawdown_baseline,brier,0.10768279067533013,firm_year_block_bootstrap,0.08176222730693859,0.13232792768573662,150,1162,98
label_a_rel,7,naive_momentum_vol_baseline,AUROC,0.6959298757096823,firm_year_block_bootstrap,0.5869326796963757,0.8258019066550725,150,1162,98
label_a_rel,7,naive_momentum_vol_baseline,AUPRC,0.277133790413403,firm_year_block_bootstrap,0.11506216959155406,0.43464358071576914,150,1162,98
label_a_rel,7,naive_momentum_vol_baseline,top_decile_capture,0.32653061224489793,firm_year_block_bootstrap,0.15956435643564357,0.4814891304347827,150,1162,98
label_a_rel,7,naive_momentum_vol_baseline,top_quintile_capture,0.42857142857142855,firm_year_block_bootstrap,0.2614246881995523,0.6663048780487807,150,1162,98
label_a_rel,7,naive_momentum_vol_baseline,brier,0.0721417461671155,firm_year_block_bootstrap,0.0465823076200313,0.09761541844556462,150,1162,98
label_a_rel,7,macro_only_logit,AUROC,0.4329350161117078,firm_year_block_bootstrap,0.34954799213167836,0.513159849659021,150,1162,98
label_a_rel,7,macro_only_logit,AUPRC,0.07187992697963687,firm_year_block_bootstrap,0.04072964376844933,0.10995718346949031,150,1162,98
label_a_rel,7,macro_only_logit,top_decile_capture,0.061224489795918366,firm_year_block_bootstrap,0.025377289377289378,0.10609030197444833,150,1162,98
label_a_rel,7,macro_only_logit,top_quintile_capture,0.12244897959183673,firm_year_block_bootstrap,0.06078921387140565,0.21712836297309626,150,1162,98
label_a_rel,7,macro_only_logit,brier,0.07990676822827324,firm_year_block_bootstrap,0.049688787177068594,0.10911026021744329,150,1162,98
label_a_rel,7,price_relative_logit,AUROC,0.6928897498849164,firm_year_block_bootstrap,0.5829368275063505,0.8260892233559383,150,1162,98
label_a_rel,7,price_relative_logit,AUPRC,0.276919737035742,firm_year_block_bootstrap,0.11472229005651256,0.4345125727604156,150,1162,98
label_a_rel,7,price_relative_logit,top_decile_capture,0.32653061224489793,firm_year_block_bootstrap,0.15798874005047564,0.49324853228962817,150,1162,98
label_a_rel,7,price_relative_logit,top_quintile_capture,0.41836734693877553,firm_year_block_bootstrap,0.24956784612887517,0.6592500000000001,150,1162,98
label_a_rel,7,price_relative_logit,brier,0.07212212215975007,firm_year_block_bootstrap,0.046556395342091196,0.0976081327620216,150,1162,98
label_a_rel,7,price_macro_logit,AUROC,0.7124635568513119,firm_year_block_bootstrap,0.6109219208074335,0.8335299309018743,150,1162,98
label_a_rel,7,price_macro_logit,AUPRC,0.28491032682416695,firm_year_block_bootstrap,0.11728973018486315,0.4475418485537752,150,1162,98
label_a_rel,7,price_macro_logit,top_decile_capture,0.29591836734693877,firm_year_block_bootstrap,0.14901233798604188,0.48014285714285715,150,1162,98
label_a_rel,7,price_macro_logit,top_quintile_capture,0.4387755102040816,firm_year_block_bootstrap,0.24203947368421053,0.6501808318264015,150,1162,98
label_a_rel,7,price_macro_logit,brier,0.07120438794342707,firm_year_block_bootstrap,0.046115744003838284,0.0961003559611864,150,1162,98
label_a_rel,8,naive_drawdown_baseline,AUROC,0.6808800039932116,firm_year_block_bootstrap,0.603549793035501,0.7441670036189323,150,1164,210
label_a_rel,8,naive_drawdown_baseline,AUPRC,0.3639551814253744,firm_year_block_bootstrap,0.2300600895738357,0.4758363512954089,150,1164,210
label_a_rel,8,naive_drawdown_baseline,top_decile_capture,0.28095238095238095,firm_year_block_bootstrap,0.18009006211180126,0.3703113477138643,150,1164,210
label_a_rel,8,naive_drawdown_baseline,top_quintile_capture,0.4095238095238095,firm_year_block_bootstrap,0.3120396802740508,0.5175280171649467,150,1164,210
label_a_rel,8,naive_drawdown_baseline,brier,0.14315749249207652,firm_year_block_bootstrap,0.10896933977341239,0.1770405837566242,150,1164,210
label_a_rel,8,naive_momentum_vol_baseline,AUROC,0.7924977538185085,firm_year_block_bootstrap,0.7293131601573833,0.8595892460428319,150,1164,210
label_a_rel,8,naive_momentum_vol_baseline,AUPRC,0.47296561800497666,firm_year_block_bootstrap,0.33312564795338295,0.6058357465078164,150,1164,210
label_a_rel,8,naive_momentum_vol_baseline,top_decile_capture,0.28095238095238095,firm_year_block_bootstrap,0.1870112645974715,0.4003618421052632,150,1164,210
label_a_rel,8,naive_momentum_vol_baseline,top_quintile_capture,0.5238095238095238,firm_year_block_bootstrap,0.3922627997894895,0.6611969851814002,150,1164,210
label_a_rel,8,naive_momentum_vol_baseline,brier,0.13999735746753406,firm_year_block_bootstrap,0.10116543266530396,0.19205091104674965,150,1164,210
label_a_rel,8,macro_only_logit,AUROC,0.5237246680642907,firm_year_block_bootstrap,0.48831156069083287,0.5637938440597321,150,1164,210
label_a_rel,8,macro_only_logit,AUPRC,0.19235176141767724,firm_year_block_bootstrap,0.12878377785616754,0.24897771993250625,150,1164,210
label_a_rel,8,macro_only_logit,top_decile_capture,0.0761904761904762,firm_year_block_bootstrap,0.053003494975972044,0.12582500000000002,150,1164,210
label_a_rel,8,macro_only_logit,top_quintile_capture,0.19523809523809524,firm_year_block_bootstrap,0.15371275167785234,0.23366982323232324,150,1164,210
label_a_rel,8,macro_only_logit,brier,0.15190781331615474,firm_year_block_bootstrap,0.11352210766195361,0.1998870136403036,150,1164,210
label_a_rel,8,price_relative_logit,AUROC,0.7912848158131177,firm_year_block_bootstrap,0.7288880806433055,0.8577046915134199,150,1164,210
label_a_rel,8,price_relative_logit,AUPRC,0.47065801045956446,firm_year_block_bootstrap,0.329837477027129,0.6029677629915153,150,1164,210
label_a_rel,8,price_relative_logit,top_decile_capture,0.2714285714285714,firm_year_block_bootstrap,0.1785524235236879,0.3918859649122807,150,1164,210
label_a_rel,8,price_relative_logit,top_quintile_capture,0.5285714285714286,firm_year_block_bootstrap,0.39224494398917376,0.6526193879059682,150,1164,210
label_a_rel,8,price_relative_logit,brier,0.1399879190699472,firm_year_block_bootstrap,0.10117891099895433,0.19198939184405225,150,1164,210
label_a_rel,8,price_macro_logit,AUROC,0.8024059099530798,firm_year_block_bootstrap,0.7393373302440989,0.8624964536875932,150,1164,210
label_a_rel,8,price_macro_logit,AUPRC,0.48979917267443845,firm_year_block_bootstrap,0.3420330111832055,0.6222423377366733,150,1164,210
label_a_rel,8,price_macro_logit,top_decile_capture,0.2857142857142857,firm_year_block_bootstrap,0.19715218423551756,0.4270588235294118,150,1164,210
label_a_rel,8,price_macro_logit,top_quintile_capture,0.5333333333333333,firm_year_block_bootstrap,0.41116291116291115,0.6626496969099601,150,1164,210
label_a_rel,8,price_macro_logit,brier,0.12258959902415584,firm_year_block_bootstrap,0.09092791486793737,0.15782889787952464,150,1164,210
label_a_rel,9,naive_drawdown_baseline,AUROC,0.6849421246236923,firm_year_block_bootstrap,0.5758718117832318,0.7744206197447574,150,1182,259
label_a_rel,9,naive_drawdown_baseline,AUPRC,0.42190593673964627,firm_year_block_bootstrap,0.2573987985043904,0.5630034023855456,150,1182,259
label_a_rel,9,naive_drawdown_baseline,top_decile_capture,0.2648221343873518,firm_year_block_bootstrap,0.15949489795918367,0.3567185926985641,150,1182,259
label_a_rel,9,naive_drawdown_baseline,top_quintile_capture,0.3794466403162055,firm_year_block_bootstrap,0.26828155504626094,0.5131166379381106,150,1182,259
label_a_rel,9,naive_drawdown_baseline,brier,0.16595518709383772,firm_year_block_bootstrap,0.1300756365723472,0.20297365322507063,150,1182,259
label_a_rel,9,naive_momentum_vol_baseline,AUROC,0.6878108568249414,firm_year_block_bootstrap,0.5887158945238324,0.773915339756019,150,1182,259
label_a_rel,9,naive_momentum_vol_baseline,AUPRC,0.3806474208916102,firm_year_block_bootstrap,0.24894781416257114,0.5024858290996203,150,1182,259
label_a_rel,9,naive_momentum_vol_baseline,top_decile_capture,0.23552123552123552,firm_year_block_bootstrap,0.14907410660950843,0.33072543838577945,150,1182,259
label_a_rel,9,naive_momentum_vol_baseline,top_quintile_capture,0.3861003861003861,firm_year_block_bootstrap,0.27226434778867664,0.5007275132275133,150,1182,259
label_a_rel,9,naive_momentum_vol_baseline,brier,0.17880849211073332,firm_year_block_bootstrap,0.1274515405496628,0.22963665477323084,150,1182,259
label_a_rel,9,macro_only_logit,AUROC,0.5515818403142346,firm_year_block_bootstrap,0.5224632943428607,0.5809914852738378,150,1182,259
label_a_rel,9,macro_only_logit,AUPRC,0.25224014345273504,firm_year_block_bootstrap,0.17836443032303312,0.31148683530963317,150,1182,259
label_a_rel,9,macro_only_logit,top_decile_capture,0.1274131274131274,firm_year_block_bootstrap,0.10091888957816378,0.14668661347517734,150,1182,259
label_a_rel,9,macro_only_logit,top_quintile_capture,0.23938223938223938,firm_year_block_bootstrap,0.20119850123186422,0.27323956780923997,150,1182,259
label_a_rel,9,macro_only_logit,brier,0.19287322697975898,firm_year_block_bootstrap,0.13944106641970583,0.24405085012623126,150,1182,259
label_a_rel,9,price_relative_logit,AUROC,0.6866981514868838,firm_year_block_bootstrap,0.5875880019261974,0.7728111494860322,150,1182,259
label_a_rel,9,price_relative_logit,AUPRC,0.38221656372679513,firm_year_block_bootstrap,0.24829482988246607,0.5044923175573411,150,1182,259
label_a_rel,9,price_relative_logit,top_decile_capture,0.23552123552123552,firm_year_block_bootstrap,0.14880898442743992,0.33072543838577945,150,1182,259
label_a_rel,9,price_relative_logit,top_quintile_capture,0.3938223938223938,firm_year_block_bootstrap,0.2700661048594641,0.5062148644179895,150,1182,259
label_a_rel,9,price_relative_logit,brier,0.17884146329979034,firm_year_block_bootstrap,0.12747672621922804,0.22965275697217813,150,1182,259
label_a_rel,9,price_macro_logit,AUROC,0.6951480190916811,firm_year_block_bootstrap,0.5963794233462987,0.7779832066338956,150,1182,259
label_a_rel,9,price_macro_logit,AUPRC,0.40108437516106527,firm_year_block_bootstrap,0.26090319523557826,0.5260316731602629,150,1182,259
label_a_rel,9,price_macro_logit,top_decile_capture,0.2277992277992278,firm_year_block_bootstrap,0.15666373590741295,0.3328155706727136,150,1182,259
label_a_rel,9,price_macro_logit,top_quintile_capture,0.3938223938223938,firm_year_block_bootstrap,0.27642085735891864,0.521897230691057,150,1182,259
label_a_rel,9,price_macro_logit,brier,0.17322179553748254,firm_year_block_bootstrap,0.12359519738030633,0.22383513684694012,150,1182,259
label_a_rel,10,naive_drawdown_baseline,AUROC,0.5808180329396727,firm_year_block_bootstrap,0.4844393198152347,0.6844017032914236,150,1188,67
label_a_rel,10,naive_drawdown_baseline,AUPRC,0.08806847279143208,firm_year_block_bootstrap,0.043616227289102874,0.13276152803093255,150,1188,67
label_a_rel,10,naive_drawdown_baseline,top_decile_capture,0.08955223880597014,firm_year_block_bootstrap,0.0,0.25645318143928875,150,1188,67
label_a_rel,10,naive_drawdown_baseline,top_quintile_capture,0.29850746268656714,firm_year_block_bootstrap,0.15637292960662527,0.4731349782293179,150,1188,67
label_a_rel,10,naive_drawdown_baseline,brier,0.15344011010647815,firm_year_block_bootstrap,0.11855842576086453,0.1802926036330576,150,1188,67
label_a_rel,10,naive_momentum_vol_baseline,AUROC,0.5024564953998961,firm_year_block_bootstrap,0.3977786289434189,0.61415546478729,150,1188,67
label_a_rel,10,naive_momentum_vol_baseline,AUPRC,0.12754740782505036,firm_year_block_bootstrap,0.03448097412678941,0.2395317901336032,150,1188,67
label_a_rel,10,naive_momentum_vol_baseline,top_decile_capture,0.13432835820895522,firm_year_block_bootstrap,0.0,0.2698305722891568,150,1188,67
label_a_rel,10,naive_momentum_vol_baseline,top_quintile_capture,0.1791044776119403,firm_year_block_bootstrap,0.058849619825401295,0.3239105017006803,150,1188,67
label_a_rel,10,naive_momentum_vol_baseline,brier,0.12144559518644091,firm_year_block_bootstrap,0.08834064007111324,0.14860328777319887,150,1188,67
label_a_rel,10,macro_only_logit,AUROC,0.6720145925146791,firm_year_block_bootstrap,0.578718264131237,0.7764116800021256,150,1188,67
label_a_rel,10,macro_only_logit,AUPRC,0.12677039802514337,firm_year_block_bootstrap,0.08000436016554968,0.20378479524880636,150,1188,67
label_a_rel,10,macro_only_logit,top_decile_capture,0.26865671641791045,firm_year_block_bootstrap,0.18161458333333333,0.3815096251266464,150,1188,67
label_a_rel,10,macro_only_logit,top_quintile_capture,0.417910447761194,firm_year_block_bootstrap,0.3108366935483871,0.557774831243973,150,1188,67
label_a_rel,10,macro_only_logit,brier,0.05321527335029112,firm_year_block_bootstrap,0.03581315151946678,0.067614377853391,150,1188,67
label_a_rel,10,price_relative_logit,AUROC,0.5040542159851945,firm_year_block_bootstrap,0.4004666709661282,0.6160757007840206,150,1188,67
label_a_rel,10,price_relative_logit,AUPRC,0.12664797694980634,firm_year_block_bootstrap,0.034651990263681404,0.2377889926218321,150,1188,67
label_a_rel,10,price_relative_logit,top_decile_capture,0.13432835820895522,firm_year_block_bootstrap,0.0,0.2698305722891568,150,1188,67
label_a_rel,10,price_relative_logit,top_quintile_capture,0.1791044776119403,firm_year_block_bootstrap,0.058849619825401295,0.3239105017006803,150,1188,67
label_a_rel,10,price_relative_logit,brier,0.12132336585394052,firm_year_block_bootstrap,0.08823841163370497,0.1484423704115554,150,1188,67
label_a_rel,10,price_macro_logit,AUROC,0.5672973224865858,firm_year_block_bootstrap,0.4781615423859056,0.671949886719283,150,1188,67
label_a_rel,10,price_macro_logit,AUPRC,0.12191747866274112,firm_year_block_bootstrap,0.04101494862894421,0.22680236062241133,150,1188,67
label_a_rel,10,price_macro_logit,top_decile_capture,0.11940298507462686,firm_year_block_bootstrap,0.0,0.2628054438601918,150,1188,67
label_a_rel,10,price_macro_logit,top_quintile_capture,0.19402985074626866,firm_year_block_bootstrap,0.07368249837345478,0.35230100730792036,150,1188,67
label_a_rel,10,price_macro_logit,brier,0.10865059535678644,firm_year_block_bootstrap,0.07607285752453237,0.13504044872484675,150,1188,67
label_a_rel,11,naive_drawdown_baseline,AUROC,0.5838547661400021,firm_year_block_bootstrap,0.4727526924685106,0.6581157060037419,150,1199,190
label_a_rel,11,naive_drawdown_baseline,AUPRC,0.2622098077967082,firm_year_block_bootstrap,0.1363606282113787,0.4110487289821055,150,1199,190
label_a_rel,11,naive_drawdown_baseline,top_decile_capture,0.18421052631578946,firm_year_block_bootstrap,0.09153516097448597,0.2974497487437186,150,1199,190
label_a_rel,11,naive_drawdown_baseline,top_quintile_capture,0.2736842105263158,firm_year_block_bootstrap,0.15139911634756995,0.38334065934065936,150,1199,190
label_a_rel,11,naive_drawdown_baseline,brier,0.15397428105449804,firm_year_block_bootstrap,0.12380619138728916,0.17730922908121896,150,1199,190
label_a_rel,11,naive_momentum_vol_baseline,AUROC,0.6781284231391164,firm_year_block_bootstrap,0.5589278788257297,0.7721520570202497,150,1199,190
label_a_rel,11,naive_momentum_vol_baseline,AUPRC,0.30525724130228393,firm_year_block_bootstrap,0.1524019892222583,0.4770421858864652,150,1199,190
label_a_rel,11,naive_momentum_vol_baseline,top_decile_capture,0.21578947368421053,firm_year_block_bootstrap,0.09559872859366891,0.34487864077669905,150,1199,190
label_a_rel,11,naive_momentum_vol_baseline,top_quintile_capture,0.3894736842105263,firm_year_block_bootstrap,0.22216121815359327,0.5398078821787066,150,1199,190
label_a_rel,11,naive_momentum_vol_baseline,brier,0.12872275462519298,firm_year_block_bootstrap,0.08990429812752285,0.15850235914738608,150,1199,190
label_a_rel,11,macro_only_logit,AUROC,0.49359449168014186,firm_year_block_bootstrap,0.4427307281814803,0.5484038187741499,150,1199,190
label_a_rel,11,macro_only_logit,AUPRC,0.16066282425696685,firm_year_block_bootstrap,0.10947528762925639,0.21344978531170827,150,1199,190
label_a_rel,11,macro_only_logit,top_decile_capture,0.11052631578947368,firm_year_block_bootstrap,0.08333333333333333,0.14908088235294123,150,1199,190
label_a_rel,11,macro_only_logit,top_quintile_capture,0.16842105263157894,firm_year_block_bootstrap,0.11953386988598255,0.22116708250881872,150,1199,190
label_a_rel,11,macro_only_logit,brier,0.13395150079361257,firm_year_block_bootstrap,0.09722832025383675,0.16623628889668574,150,1199,190
label_a_rel,11,price_relative_logit,AUROC,0.6788065306974076,firm_year_block_bootstrap,0.5598312673182071,0.7734989921389596,150,1199,190
label_a_rel,11,price_relative_logit,AUPRC,0.305295445824193,firm_year_block_bootstrap,0.15263894902090003,0.4778311478951557,150,1199,190
label_a_rel,11,price_relative_logit,top_decile_capture,0.21052631578947367,firm_year_block_bootstrap,0.10395692786715101,0.34487864077669905,150,1199,190
label_a_rel,11,price_relative_logit,top_quintile_capture,0.39473684210526316,firm_year_block_bootstrap,0.22365708611085747,0.542734902089847,150,1199,190
label_a_rel,11,price_relative_logit,brier,0.1287288622045453,firm_year_block_bootstrap,0.0898986242006705,0.15856828995803185,150,1199,190
label_a_rel,11,price_macro_logit,AUROC,0.7088832090136143,firm_year_block_bootstrap,0.5959620185704492,0.7963722884475718,150,1199,190
label_a_rel,11,price_macro_logit,AUPRC,0.3444313636488271,firm_year_block_bootstrap,0.16806821395955038,0.528285389778037,150,1199,190
label_a_rel,11,price_macro_logit,top_decile_capture,0.26842105263157895,firm_year_block_bootstrap,0.12543845863716369,0.3702896440129451,150,1199,190
label_a_rel,11,price_macro_logit,top_quintile_capture,0.4052631578947368,firm_year_block_bootstrap,0.22301124290074567,0.5641004043126685,150,1199,190
label_a_rel,11,price_macro_logit,brier,0.12286172230171441,firm_year_block_bootstrap,0.09087045072292298,0.1488209727084967,150,1199,190
label_a_rel,12,naive_drawdown_baseline,AUROC,0.6606318610306646,firm_year_block_bootstrap,0.6026921145885284,0.727892929607113,150,1192,189
label_a_rel,12,naive_drawdown_baseline,AUPRC,0.24215337541240264,firm_year_block_bootstrap,0.17578299323272503,0.31351257083445777,150,1192,189
label_a_rel,12,naive_drawdown_baseline,top_decile_capture,0.18518518518518517,firm_year_block_bootstrap,0.11197115384615385,0.26750768442622963,150,1192,189
label_a_rel,12,naive_drawdown_baseline,top_quintile_capture,0.3386243386243386,firm_year_block_bootstrap,0.23076704545454546,0.4526836158192091,150,1192,189
label_a_rel,12,naive_drawdown_baseline,brier,0.17701036473707063,firm_year_block_bootstrap,0.14178927816368272,0.20540173096263534,150,1192,189
label_a_rel,12,naive_momentum_vol_baseline,AUROC,0.7062252396250402,firm_year_block_bootstrap,0.6190516739967689,0.7739546659720042,150,1192,189
label_a_rel,12,naive_momentum_vol_baseline,AUPRC,0.287872400572204,firm_year_block_bootstrap,0.19328109081828324,0.376410728133251,150,1192,189
label_a_rel,12,naive_momentum_vol_baseline,top_decile_capture,0.2328042328042328,firm_year_block_bootstrap,0.14414527027027027,0.325562106918239,150,1192,189
label_a_rel,12,naive_momentum_vol_baseline,top_quintile_capture,0.38095238095238093,firm_year_block_bootstrap,0.25970123626373626,0.5265416516408222,150,1192,189
label_a_rel,12,naive_momentum_vol_baseline,brier,0.13414851717608722,firm_year_block_bootstrap,0.1017021442954496,0.1617492915480502,150,1192,189
label_a_rel,12,macro_only_logit,AUROC,0.43044147979342395,firm_year_block_bootstrap,0.3820361923306521,0.471195660172843,150,1192,189
label_a_rel,12,macro_only_logit,AUPRC,0.14027502826573834,firm_year_block_bootstrap,0.09305024403170706,0.1869830849545146,150,1192,189
label_a_rel,12,macro_only_logit,top_decile_capture,0.06349206349206349,firm_year_block_bootstrap,0.03776670692431562,0.09188131313131315,150,1192,189
label_a_rel,12,macro_only_logit,top_quintile_capture,0.13756613756613756,firm_year_block_bootstrap,0.09279452145432891,0.17634450100133514,150,1192,189
label_a_rel,12,macro_only_logit,brier,0.13975959758071546,firm_year_block_bootstrap,0.11219966747395596,0.16686576990575952,150,1192,189
label_a_rel,12,price_relative_logit,AUROC,0.7062041389060332,firm_year_block_bootstrap,0.6191188534620821,0.7740620579333237,150,1192,189
label_a_rel,12,price_relative_logit,AUPRC,0.28789756299562963,firm_year_block_bootstrap,0.1931563737482514,0.37640233810592366,150,1192,189
label_a_rel,12,price_relative_logit,top_decile_capture,0.2328042328042328,firm_year_block_bootstrap,0.14414527027027027,0.325562106918239,150,1192,189
label_a_rel,12,price_relative_logit,top_quintile_capture,0.38095238095238093,firm_year_block_bootstrap,0.25970123626373626,0.5265416516408222,150,1192,189
label_a_rel,12,price_relative_logit,brier,0.13416066320912604,firm_year_block_bootstrap,0.10172150723456502,0.1617496558231489,150,1192,189
label_a_rel,12,price_macro_logit,AUROC,0.7055711173358232,firm_year_block_bootstrap,0.6089471894382588,0.7772910106097172,150,1192,189
label_a_rel,12,price_macro_logit,AUPRC,0.2983171368631096,firm_year_block_bootstrap,0.19868378615376514,0.39192714900116965,150,1192,189
label_a_rel,12,price_macro_logit,top_decile_capture,0.23809523809523808,firm_year_block_bootstrap,0.14655615543773437,0.3479028925619835,150,1192,189
label_a_rel,12,price_macro_logit,top_quintile_capture,0.4074074074074074,firm_year_block_bootstrap,0.27271634615384616,0.5416696147798742,150,1192,189
label_a_rel,12,price_macro_logit,brier,0.15255592842620802,firm_year_block_bootstrap,0.12059515799809342,0.17883105916049546,150,1192,189
label_a_rel,13,naive_drawdown_baseline,AUROC,0.6582964467620664,firm_year_block_bootstrap,0.5606241645934033,0.7573567148976332,150,1188,124
label_a_rel,13,naive_drawdown_baseline,AUPRC,0.19099439949215416,firm_year_block_bootstrap,0.11406513846031496,0.3069820182045643,150,1188,124
label_a_rel,13,naive_drawdown_baseline,top_decile_capture,0.25,firm_year_block_bootstrap,0.11263102725366876,0.40213592233009715,150,1188,124
label_a_rel,13,naive_drawdown_baseline,top_quintile_capture,0.3790322580645161,firm_year_block_bootstrap,0.2412530565527288,0.5360780423280423,150,1188,124
label_a_rel,13,naive_drawdown_baseline,brier,0.14335973997458643,firm_year_block_bootstrap,0.11293690436037514,0.17778632872990255,150,1188,124
label_a_rel,13,naive_momentum_vol_baseline,AUROC,0.6860447489691972,firm_year_block_bootstrap,0.6005536725034548,0.7815478135948494,150,1188,124
label_a_rel,13,naive_momentum_vol_baseline,AUPRC,0.21322805618525517,firm_year_block_bootstrap,0.12962767442488127,0.31653786148812624,150,1188,124
label_a_rel,13,naive_momentum_vol_baseline,top_decile_capture,0.2661290322580645,firm_year_block_bootstrap,0.12148425439950603,0.41025641025641024,150,1188,124
label_a_rel,13,naive_momentum_vol_baseline,top_quintile_capture,0.3870967741935484,firm_year_block_bootstrap,0.2448675857065119,0.5409544159544161,150,1188,124
label_a_rel,13,naive_momentum_vol_baseline,brier,0.08968284062280041,firm_year_block_bootstrap,0.058184971460992954,0.12380641018886923,150,1188,124
label_a_rel,13,macro_only_logit,AUROC,0.5420203735144312,firm_year_block_bootstrap,0.4975344065336089,0.5867536422821192,150,1188,124
label_a_rel,13,macro_only_logit,AUPRC,0.11954967349369615,firm_year_block_bootstrap,0.07684721188043715,0.1714471575392696,150,1188,124
label_a_rel,13,macro_only_logit,top_decile_capture,0.11290322580645161,firm_year_block_bootstrap,0.07945388914764788,0.15759428097803563,150,1188,124
label_a_rel,13,macro_only_logit,top_quintile_capture,0.24193548387096775,firm_year_block_bootstrap,0.16666666666666666,0.2933291805094131,150,1188,124
label_a_rel,13,macro_only_logit,brier,0.1063165400599386,firm_year_block_bootstrap,0.08355113785420559,0.1305214285349574,150,1188,124
label_a_rel,13,price_relative_logit,AUROC,0.6850897404802329,firm_year_block_bootstrap,0.5992421980292354,0.780742520539501,150,1188,124
label_a_rel,13,price_relative_logit,AUPRC,0.2128939276089242,firm_year_block_bootstrap,0.12972390274374115,0.3158269310464508,150,1188,124
label_a_rel,13,price_relative_logit,top_decile_capture,0.2661290322580645,firm_year_block_bootstrap,0.12473155391931277,0.41025641025641024,150,1188,124
label_a_rel,13,price_relative_logit,top_quintile_capture,0.3951612903225806,firm_year_block_bootstrap,0.24355301163877327,0.5392081447963801,150,1188,124
label_a_rel,13,price_relative_logit,brier,0.08968402285023856,firm_year_block_bootstrap,0.05819945198065803,0.12383269470646352,150,1188,124
label_a_rel,13,price_macro_logit,AUROC,0.7057512733446519,firm_year_block_bootstrap,0.6306955126214345,0.7961272442975172,150,1188,124
label_a_rel,13,price_macro_logit,AUPRC,0.2301953096166476,firm_year_block_bootstrap,0.1452717410334896,0.3253113769291046,150,1188,124
label_a_rel,13,price_macro_logit,top_decile_capture,0.25806451612903225,firm_year_block_bootstrap,0.12403775209050663,0.373452380952381,150,1188,124
label_a_rel,13,price_macro_logit,top_quintile_capture,0.4596774193548387,firm_year_block_bootstrap,0.311744966442953,0.6232900943396227,150,1188,124
label_a_rel,13,price_macro_logit,brier,0.09666044746327801,firm_year_block_bootstrap,0.0701328383753478,0.12404611195070744,150,1188,124
label_a_rel,14,naive_drawdown_baseline,AUROC,0.5699607890450624,firm_year_block_bootstrap,0.49040375620991333,0.6334318669202694,150,1782,275
label_a_rel,14,naive_drawdown_baseline,AUPRC,0.21959474739443305,firm_year_block_bootstrap,0.13946011998300534,0.30948515190506226,150,1782,275
label_a_rel,14,naive_drawdown_baseline,top_decile_capture,0.17454545454545456,firm_year_block_bootstrap,0.08365833550999086,0.23823760200878846,150,1782,275
label_a_rel,14,naive_drawdown_baseline,top_quintile_capture,0.2727272727272727,firm_year_block_bootstrap,0.16430983570508592,0.3663522650439487,150,1782,275
label_a_rel,14,naive_drawdown_baseline,brier,0.17805907925270992,firm_year_block_bootstrap,0.1541372639479414,0.2017387313964616,150,1782,275
label_a_rel,14,naive_momentum_vol_baseline,AUROC,0.620278699402787,firm_year_block_bootstrap,0.5321150603327104,0.6893011474479579,150,1782,275
label_a_rel,14,naive_momentum_vol_baseline,AUPRC,0.2313975515073905,firm_year_block_bootstrap,0.1502577175727171,0.33012067971394515,150,1782,275
label_a_rel,14,naive_momentum_vol_baseline,top_decile_capture,0.1781818181818182,firm_year_block_bootstrap,0.08416274773261673,0.25245401475286605,150,1782,275
label_a_rel,14,naive_momentum_vol_baseline,top_quintile_capture,0.29818181818181816,firm_year_block_bootstrap,0.19106063150822977,0.3927083333333333,150,1782,275
label_a_rel,14,naive_momentum_vol_baseline,brier,0.1296817840024141,firm_year_block_bootstrap,0.10051342483437725,0.15796400763857268,150,1782,275
label_a_rel,14,macro_only_logit,AUROC,0.5658008083489172,firm_year_block_bootstrap,0.5031106554888543,0.6203826259228419,150,1782,275
label_a_rel,14,macro_only_logit,AUPRC,0.18786443210714443,firm_year_block_bootstrap,0.14044157362276502,0.254860794985113,150,1782,275
label_a_rel,14,macro_only_logit,top_decile_capture,0.13090909090909092,firm_year_block_bootstrap,0.09475443447133622,0.1581313323201621,150,1782,275
label_a_rel,14,macro_only_logit,top_quintile_capture,0.26181818181818184,firm_year_block_bootstrap,0.2120714724796671,0.31815636200716846,150,1782,275
label_a_rel,14,macro_only_logit,brier,0.13489594983464076,firm_year_block_bootstrap,0.11404524841152427,0.1566289596785977,150,1782,275
label_a_rel,14,price_relative_logit,AUROC,0.6195451529227243,firm_year_block_bootstrap,0.5310472895603326,0.6884341418187535,150,1782,275
label_a_rel,14,price_relative_logit,AUPRC,0.2312218573452468,firm_year_block_bootstrap,0.14989307485462364,0.32991915524424636,150,1782,275
label_a_rel,14,price_relative_logit,top_decile_capture,0.1781818181818182,firm_year_block_bootstrap,0.08416274773261673,0.25104166666666666,150,1782,275
label_a_rel,14,price_relative_logit,top_quintile_capture,0.29818181818181816,firm_year_block_bootstrap,0.18827216996976823,0.39332068690095845,150,1782,275
label_a_rel,14,price_relative_logit,brier,0.1297150603822129,firm_year_block_bootstrap,0.10054242681140992,0.15800488384991562,150,1782,275
label_a_rel,14,price_macro_logit,AUROC,0.6443071725885263,firm_year_block_bootstrap,0.5528775112273594,0.7074047443453838,150,1782,275
label_a_rel,14,price_macro_logit,AUPRC,0.2635358425869035,firm_year_block_bootstrap,0.15490103308587122,0.38024671128438625,150,1782,275
label_a_rel,14,price_macro_logit,top_decile_capture,0.20363636363636364,firm_year_block_bootstrap,0.10268610661790563,0.2843602096010818,150,1782,275
label_a_rel,14,price_macro_logit,top_quintile_capture,0.3418181818181818,firm_year_block_bootstrap,0.2200472427252,0.44276359416445626,150,1782,275
label_a_rel,14,price_macro_logit,brier,0.1361657906718977,firm_year_block_bootstrap,0.11584801720256822,0.15476463482665914,150,1782,275
