date,close,adj_close
2019-03-20,49.79999923706055,33.39381790161133
2019-03-21,48.97999954223633,32.84395980834961
2019-03-22,48.599998474121094,32.58913803100586
2019-03-25,49.150001525878906,32.95795440673828
2019-03-26,48.849998474121094,32.756778717041016
2019-03-27,50.099998474121094,33.5949821472168
2019-03-28,50.849998474121094,34.0979118347168
2019-03-29,51.630001068115234,34.62093734741211
2019-04-01,53.5,35.8748779296875
2019-04-02,56.25,37.71891403198242
2019-04-03,56.880001068115234,38.14137649536133
2019-04-04,59.709999084472656,40.03905487060547
2019-04-05,57.2400016784668,38.38277053833008
2019-04-08,57.150001525878906,38.32242202758789
2019-04-09,56.27000045776367,37.73232650756836
2019-04-10,55.709999084472656,37.35681915283203
2019-04-11,54.88999938964844,36.80696105957031
2019-04-12,58.29999923706055,39.09355926513672
2019-04-15,57.779998779296875,38.744873046875
2019-04-16,58.5,39.22767639160156
2019-04-17,58.31999969482422,39.106971740722656
2019-04-18,57.77000045776367,38.7381591796875
2019-04-22,57.88999938964844,38.818641662597656
2019-04-23,57.63999938964844,38.65099334716797
2019-04-24,55.97999954223633,37.537872314453125
2019-04-25,55.33000183105469,37.10200500488281
2019-04-26,55.25,37.0483512878418
2019-04-29,55.5,37.215999603271484
2019-04-30,56.72999954223633,38.04078674316406
2019-05-01,56.130001068115234,37.63845443725586
2019-05-02,52.70000076293945,35.338436126708984
2019-05-03,53.29999923706055,35.74077606201172
2019-05-06,53.459999084472656,35.84806442260742
2019-05-07,52.95000076293945,35.506065368652344
2019-05-08,52.47999954223633,35.19091033935547
2019-05-09,52.93000030517578,35.49266815185547
2019-05-10,53.06999969482422,35.5865478515625
2019-05-13,50.95000076293945,34.16495895385742
2019-05-14,52.47999954223633,35.19091033935547
2019-05-15,52.95000076293945,35.506065368652344
2019-05-16,52.97999954223633,35.52619552612305
2019-05-17,50.79999923706055,34.064369201660156
2019-05-20,50.08000183105469,33.581581115722656
2019-05-21,50.630001068115234,33.95037841796875
2019-05-22,50.209999084472656,33.66873550415039
2019-05-23,48.709999084472656,32.66290283203125
2019-05-24,49.20000076293945,32.991477966308594
2019-05-28,48.560001373291016,32.56232452392578
2019-05-29,48.709999084472656,32.66290283203125
2019-05-30,48.470001220703125,32.97586441040039
2019-05-31,46.7599983215332,31.81248664855957
2019-06-03,47.959999084472656,32.62889099121094
2019-06-04,49.93000030517578,33.969154357910156
2019-06-05,50.34000015258789,34.248085021972656
2019-06-06,51.060001373291016,34.73793029785156
2019-06-07,51.29999923706055,34.901214599609375
2019-06-10,51.619998931884766,35.11891174316406
2019-06-11,52.040000915527344,35.404659271240234
2019-06-12,52.4900016784668,35.7108154296875
2019-06-13,52.880001068115234,35.976139068603516
2019-06-14,51.150001525878906,34.79916763305664
2019-06-17,49.349998474121094,33.57455062866211
2019-06-18,49.61000061035156,33.751441955566406
2019-06-19,48.5,32.99626922607422
2019-06-20,48.93000030517578,33.288822174072266
2019-06-21,48.36000061035156,32.90102005004883
2019-06-24,49.58000183105469,33.73102569580078
2019-06-25,49.689998626708984,33.80585479736328
2019-06-26,50.45000076293945,34.32292175292969
2019-06-27,50.90999984741211,34.63587188720703
2019-06-28,49.310001373291016,33.54734420776367
2019-07-01,50.15999984741211,34.12562561035156
2019-07-02,49.400001525878906,33.608577728271484
2019-07-03,49.33000183105469,33.56095886230469
2019-07-05,49.310001373291016,33.54734420776367
2019-07-08,48.52000045776367,33.0098762512207
2019-07-09,47.869998931884766,32.56765365600586
2019-07-10,47.54999923706055,32.349945068359375
2019-07-11,47.779998779296875,32.50642395019531
2019-07-12,49.709999084472656,33.8194694519043
2019-07-15,50.93000030517578,34.64949035644531
2019-07-16,52.31999969482422,35.59515380859375
2019-07-17,51.599998474121094,35.10530471801758
2019-07-18,51.75,35.20737075805664
2019-07-19,51.52000045776367,35.050880432128906
2019-07-22,50.880001068115234,34.6154670715332
2019-07-23,52.619998931884766,35.799251556396484
2019-07-24,52.790000915527344,35.9149169921875
2019-07-25,50.77000045776367,34.5406379699707
2019-07-26,49.11000061035156,33.41126251220703
2019-07-29,48.04999923706055,32.69010925292969
2019-07-30,48.400001525878906,32.92823791503906
2019-07-31,48.439998626708984,32.955448150634766
2019-08-01,46.849998474121094,31.87371826171875
2019-08-02,45.599998474121094,31.02330207824707
2019-08-05,44.77000045776367,30.458621978759766
2019-08-06,44.43000030517578,30.22730255126953
2019-08-07,44.88999938964844,30.540258407592773
2019-08-08,46.790000915527344,31.832904815673828
2019-08-09,46.63999938964844,31.730850219726562
2019-08-12,45.689998626708984,31.08452796936035
2019-08-13,46.849998474121094,31.87371826171875
2019-08-14,44.08000183105469,29.989194869995117
2019-08-15,43.380001068115234,29.512954711914062
2019-08-16,44.5099983215332,30.281728744506836
2019-08-19,45.599998474121094,31.02330207824707
2019-08-20,43.15999984741211,29.3632755279541
2019-08-21,43.279998779296875,29.44491958618164
2019-08-22,42.04999923706055,28.608102798461914
2019-08-23,40.709999084472656,27.696453094482422
2019-08-26,40.81999969482422,27.77129554748535
2019-08-27,41.16999816894531,28.00941276550293
2019-08-28,42.52000045776367,28.92786407470703
2019-08-29,42.369998931884766,29.308311462402344
2019-08-30,42.630001068115234,29.488155364990234
2019-09-03,41.79999923706055,28.91402816772461
2019-09-04,42.540000915527344,29.425905227661133
2019-09-05,43.36000061035156,29.993118286132812
2019-09-06,43.2400016784668,29.910110473632812
2019-09-09,44.45000076293945,30.74711036682129
2019-09-10,46.31999969482422,32.04061508178711
2019-09-11,46.880001068115234,32.42798614501953
2019-09-12,46.970001220703125,32.49024200439453
2019-09-13,48.20000076293945,33.341060638427734
2019-09-16,49.0099983215332,33.90135192871094
2019-09-17,48.0,33.20270538330078
2019-09-18,47.5099983215332,32.863773345947266
2019-09-19,47.63999938964844,32.95368957519531
2019-09-20,48.209999084472656,33.34796905517578
2019-09-23,47.90999984741211,33.14046096801758
2019-09-24,46.599998474121094,32.23431396484375
2019-09-25,47.68000030517578,32.98136520385742
2019-09-26,47.22999954223633,32.670082092285156
2019-09-27,47.06999969482422,32.55940628051758
2019-09-30,47.650001525878906,32.96061706542969
2019-10-01,45.970001220703125,31.798511505126953
2019-10-02,44.93000030517578,31.079116821289062
2019-10-03,45.310001373291016,31.34198570251465
2019-10-04,45.34000015258789,31.362735748291016
2019-10-07,45.16999816894531,31.24512481689453
2019-10-08,43.849998474121094,30.332067489624023
2019-10-09,44.0099983215332,30.44274139404297
2019-10-10,44.91999816894531,31.072208404541016
2019-10-11,47.130001068115234,32.60092544555664
2019-10-14,46.81999969482422,32.38648223876953
2019-10-15,47.20000076293945,32.64934158325195
2019-10-16,47.119998931884766,32.593997955322266
2019-10-17,47.810001373291016,33.0712890625
2019-10-18,47.959999084472656,33.175048828125
2019-10-21,47.119998931884766,32.593997955322266
2019-10-22,46.81999969482422,32.38648223876953
2019-10-23,47.22999954223633,32.670082092285156
2019-10-24,49.470001220703125,34.21955108642578
2019-10-25,50.47999954223633,34.918190002441406
2019-10-28,51.209999084472656,35.42314910888672
2019-10-29,51.4900016784668,35.6168212890625
2019-10-30,51.029998779296875,35.29862594604492
2019-10-31,50.4900016784668,34.925106048583984
2019-11-01,52.310001373291016,36.184043884277344
2019-11-04,54.16999816894531,37.47064971923828
2019-11-05,54.20000076293945,37.49139404296875
2019-11-06,54.279998779296875,37.54673385620117
2019-11-07,55.79999923706055,38.59815216064453
2019-11-08,55.9900016784668,38.72957992553711
2019-11-11,55.810001373291016,38.60507583618164
2019-11-12,55.15999984741211,38.15544891357422
2019-11-13,53.65999984741211,37.11787414550781
2019-11-14,53.95000076293945,37.31846618652344
2019-11-15,54.86000061035156,37.947933197021484
2019-11-18,54.31999969482422,37.574405670166016
2019-11-19,53.38999938964844,36.93110656738281
2019-11-20,52.66999816894531,36.43306350708008
2019-11-21,53.880001068115234,37.27004623413086
2019-11-22,54.20000076293945,37.49139404296875
2019-11-25,55.20000076293945,38.18312454223633
2019-11-26,55.369998931884766,38.30072021484375
2019-11-27,54.279998779296875,38.02748107910156
2019-11-29,53.369998931884766,37.38996124267578
2019-12-02,53.15999984741211,37.242835998535156
2019-12-03,51.81999969482422,36.304054260253906
2019-12-04,52.279998779296875,36.62632751464844
2019-12-05,52.0,36.4301643371582
2019-12-06,53.220001220703125,37.28487777709961
2019-12-09,53.27000045776367,37.31989288330078
2019-12-10,53.130001068115234,37.22182083129883
2019-12-11,53.099998474121094,37.20079803466797
2019-12-12,54.45000076293945,38.14659118652344
2019-12-13,53.279998779296875,37.3269157409668
2019-12-16,54.16999816894531,37.95042419433594
2019-12-17,54.65999984741211,38.29371643066406
2019-12-18,54.25,38.0064697265625
2019-12-19,54.52000045776367,38.195621490478516
2019-12-20,54.61000061035156,38.25867462158203
2019-12-23,54.93000030517578,38.48286437988281
2019-12-24,54.900001525878906,38.461849212646484
2019-12-26,55.220001220703125,38.686031341552734
2019-12-27,54.83000183105469,38.412811279296875
2019-12-30,54.34000015258789,38.06951904296875
2019-12-31,54.72999954223633,38.342750549316406
2020-01-02,53.75,37.65617752075195
2020-01-03,52.41999816894531,36.72441101074219
2020-01-06,52.209999084472656,36.57728958129883
2020-01-07,52.189998626708984,36.56327438354492
2020-01-08,52.72999954223633,36.941593170166016
2020-01-09,52.189998626708984,36.56327438354492
2020-01-10,51.5,36.07987594604492
2020-01-13,52.349998474121094,36.67536544799805
2020-01-14,52.2400016784668,36.59830856323242
2020-01-15,52.27000045776367,36.619319915771484
2020-01-16,52.47999954223633,36.76642990112305
2020-01-17,53.34000015258789,37.36893844604492
2020-01-21,52.599998474121094,36.85051727294922
2020-01-22,50.869998931884766,35.638511657714844
2020-01-23,50.25,35.20414733886719
2020-01-24,48.4900016784668,33.971126556396484
2020-01-27,47.18000030517578,33.05337142944336
2020-01-28,47.15999984741211,33.03936004638672
2020-01-29,49.66999816894531,34.79780578613281
2020-01-30,48.470001220703125,33.957115173339844
2020-01-31,46.06999969482422,32.27573013305664
2020-02-03,46.7400016784668,32.74510955810547
2020-02-04,48.04999923706055,33.662864685058594
2020-02-05,49.61000061035156,34.75577926635742
2020-02-06,49.20000076293945,34.468536376953125
2020-02-07,48.029998779296875,33.648860931396484
2020-02-10,48.189998626708984,33.760948181152344
2020-02-11,48.790000915527344,34.181297302246094
2020-02-12,49.380001068115234,34.594642639160156
2020-02-13,48.29999923706055,33.8380241394043
2020-02-14,48.630001068115234,34.06920623779297
2020-02-18,47.7400016784668,33.44569396972656
2020-02-19,47.560001373291016,33.31958770751953
2020-02-20,48.7599983215332,34.160282135009766
2020-02-21,48.29999923706055,33.8380241394043
2020-02-24,46.2400016784668,32.39482498168945
2020-02-25,43.95000076293945,30.790496826171875
2020-02-26,43.04999923706055,30.15996551513672
2020-02-27,39.54999923706055,28.16592788696289
2020-02-28,40.40999984741211,28.778383255004883
2020-03-02,41.41999816894531,29.497663497924805
2020-03-03,40.560001373291016,28.885204315185547
2020-03-04,41.90999984741211,29.84661865234375
2020-03-05,40.099998474121094,28.557605743408203
2020-03-06,38.970001220703125,27.75286865234375
2020-03-09,30.530000686645508,21.74224281311035
2020-03-10,31.399999618530273,22.36182403564453
2020-03-11,27.989999771118164,19.93335723876953
2020-03-12,23.670000076293945,16.856822967529297
2020-03-13,25.690000534057617,18.29538917541504
2020-03-16,22.0,15.667519569396973
2020-03-17,26.600000381469727,18.94345474243164
2020-03-18,26.440000534057617,18.829511642456055
2020-03-19,28.1200008392334,20.025938034057617
2020-03-20,27.440000534057617,19.541667938232422
2020-03-23,26.579999923706055,18.92921257019043
2020-03-24,28.469999313354492,20.275192260742188
2020-03-25,30.3799991607666,21.635417938232422
2020-03-26,29.68000030517578,21.136913299560547
2020-03-27,28.559999465942383,20.33928680419922
2020-03-30,28.649999618530273,20.40338134765625
2020-03-31,29.239999771118164,20.82355499267578
2020-04-01,27.040000915527344,19.256803512573242
2020-04-02,28.030000686645508,19.961843490600586
2020-04-03,27.969999313354492,19.919111251831055
2020-04-06,30.540000915527344,21.749364852905273
2020-04-07,32.33000183105469,23.024133682250977
2020-04-08,34.790000915527344,24.776042938232422
2020-04-09,36.560001373291016,26.036561965942383
2020-04-13,35.22999954223633,25.089391708374023
2020-04-14,35.369998931884766,25.189098358154297
2020-04-15,32.22999954223633,22.952909469604492
2020-04-16,31.6299991607666,22.525619506835938
2020-04-17,33.41999816894531,23.800382614135742
2020-04-20,31.530000686645508,22.454404830932617
2020-04-21,30.8799991607666,21.991500854492188
2020-04-22,31.84000015258789,22.6751708984375
2020-04-23,32.560001373291016,23.18792724609375
2020-04-24,33.119998931884766,23.586732864379883
2020-04-27,34.439998626708984,24.52678871154785
2020-04-28,35.869998931884766,25.545175552368164
2020-04-29,37.470001220703125,26.684633255004883
2020-04-30,36.689998626708984,26.1291446685791
2020-05-01,33.93000030517578,24.163583755493164
2020-05-04,33.060001373291016,23.544010162353516
2020-05-05,33.369998931884766,23.764774322509766
2020-05-06,31.959999084472656,22.760629653930664
2020-05-07,32.849998474121094,23.394453048706055
2020-05-08,34.33000183105469,24.448453903198242
2020-05-11,33.900001525878906,24.14222526550293
2020-05-12,33.790000915527344,24.063884735107422
2020-05-13,32.349998474121094,23.03837013244629
2020-05-14,33.5099983215332,23.864477157592773
2020-05-15,33.560001373291016,23.90009117126465
2020-05-18,36.7400016784668,26.164752960205078
2020-05-19,35.63999938964844,25.381376266479492
2020-05-20,36.18000030517578,25.76595115661621
2020-05-21,35.81999969482422,25.50956916809082
2020-05-22,36.119998931884766,25.723217010498047
2020-05-26,38.790000915527344,27.624683380126953
2020-05-27,39.81999969482422,28.358200073242188
2020-05-28,38.709999084472656,28.06099510192871
2020-05-29,38.599998474121094,27.981252670288086
2020-06-01,38.61000061035156,27.988508224487305
2020-06-02,40.599998474121094,29.43106460571289
2020-06-03,41.630001068115234,30.177719116210938
2020-06-04,42.709999084472656,30.960607528686523
2020-06-05,43.970001220703125,31.87398910522461
2020-06-08,45.900001525878906,33.273048400878906
2020-06-09,44.40999984741211,32.19294357299805
2020-06-10,43.58000183105469,31.591285705566406
2020-06-11,39.2599983215332,28.45969009399414
2020-06-12,41.22999954223633,29.887744903564453
2020-06-15,41.97999954223633,30.431427001953125
2020-06-16,42.25,30.627153396606445
2020-06-17,41.16999816894531,29.84425926208496
2020-06-18,41.58000183105469,30.1414737701416
2020-06-19,41.650001525878906,30.19221305847168
2020-06-22,41.7400016784668,30.257461547851562
2020-06-23,41.349998474121094,29.974740982055664
2020-06-24,38.45000076293945,27.87252426147461
2020-06-25,39.97999954223633,28.981616973876953
2020-06-26,39.79999923706055,28.85113525390625
2020-06-29,40.97999954223633,29.70652198791504
2020-06-30,40.7599983215332,29.547046661376953
2020-07-01,40.75,29.539794921875
2020-07-02,41.59000015258789,30.14872169494629
2020-07-06,42.45000076293945,30.772136688232422
2020-07-07,41.689998626708984,30.221210479736328
2020-07-08,40.349998474121094,29.249841690063477
2020-07-09,39.439998626708984,28.59017562866211
2020-07-10,40.7599983215332,29.547046661376953
2020-07-13,41.2400016784668,29.895002365112305
2020-07-14,42.439998626708984,30.76488494873047
2020-07-15,43.33000183105469,31.410051345825195
2020-07-16,43.83000183105469,31.772502899169922
2020-07-17,43.66999816894531,31.65650749206543
2020-07-20,42.29999923706055,30.663394927978516
2020-07-21,43.040000915527344,31.199825286865234
2020-07-22,44.34000015258789,32.1422119140625
2020-07-23,42.81999969482422,31.040346145629883
2020-07-24,42.61000061035156,30.888126373291016
2020-07-27,44.0,31.895729064941406
2020-07-28,42.619998931884766,30.895362854003906
2020-07-29,43.52000045776367,31.54778289794922
2020-07-30,41.72999954223633,30.250207901000977
2020-07-31,41.060001373291016,29.764516830444336
2020-08-03,40.09000015258789,29.061365127563477
2020-08-04,41.31999969482422,29.95298957824707
2020-08-05,41.9900016784668,30.438674926757812
2020-08-06,42.04999923706055,30.482179641723633
2020-08-07,42.630001068115234,30.902624130249023
2020-08-10,44.79999923706055,32.47565460205078
2020-08-11,44.5,32.258182525634766
2020-08-12,44.279998779296875,32.09870147705078
2020-08-13,44.43000030517578,32.20744705200195
2020-08-14,44.869998931884766,32.526397705078125
2020-08-17,44.459999084472656,32.22919464111328
2020-08-18,44.709999084472656,32.41041564941406
2020-08-19,44.63999938964844,32.35967254638672
2020-08-20,43.689998626708984,31.671016693115234
2020-08-21,43.59000015258789,31.598527908325195
2020-08-24,46.119998931884766,33.432533264160156
2020-08-25,45.59000015258789,33.04833221435547
2020-08-26,46.34000015258789,33.59200668334961
2020-08-27,46.15999984741211,33.46152877807617
2020-08-28,46.04999923706055,33.895809173583984
2020-08-31,45.119998931884766,33.21126174926758
2020-09-01,47.27000045776367,34.79380416870117
2020-09-02,49.220001220703125,36.229129791259766
2020-09-03,48.38999938964844,35.61819076538086
2020-09-04,48.599998474121094,35.772769927978516
2020-09-08,47.93000030517578,35.27960205078125
2020-09-09,49.22999954223633,36.23649597167969
2020-09-10,48.70000076293945,35.846378326416016
2020-09-11,49.849998474121094,36.69285202026367
2020-09-14,50.09000015258789,36.8695068359375
2020-09-15,51.06999969482422,37.590850830078125
2020-09-16,49.70000076293945,36.58244705200195
2020-09-17,50.970001220703125,37.51723861694336
2020-09-18,50.369998931884766,37.07560348510742
2020-09-21,47.90999984741211,35.264896392822266
2020-09-22,47.79999923706055,35.183921813964844
2020-09-23,46.7400016784668,34.4036865234375
2020-09-24,46.40999984741211,34.160789489746094
2020-09-25,46.040000915527344,33.88844299316406
2020-09-28,47.47999954223633,34.94837951660156
2020-09-29,46.56999969482422,34.278564453125
2020-09-30,47.04999923706055,34.631866455078125
2020-10-01,46.11000061035156,33.939964294433594
2020-10-02,47.310001373291016,34.823246002197266
2020-10-05,48.58000183105469,35.7580451965332
2020-10-06,47.880001068115234,35.242794036865234
2020-10-07,48.29999923706055,35.551944732666016
2020-10-08,49.380001068115234,36.346900939941406
2020-10-09,49.36000061035156,36.332176208496094
2020-10-12,48.58000183105469,35.7580451965332
2020-10-13,47.880001068115234,35.242794036865234
2020-10-14,48.83000183105469,35.94206237792969
2020-10-15,49.0099983215332,36.074554443359375
2020-10-16,49.29999923706055,36.28801727294922
2020-10-19,48.84000015258789,35.94942855834961
2020-10-20,49.34000015258789,36.31745529174805
2020-10-21,48.54999923706055,35.735965728759766
2020-10-22,48.81999969482422,35.93471145629883
2020-10-23,48.529998779296875,35.72123718261719
2020-10-26,47.150001525878906,34.705474853515625
2020-10-27,46.56999969482422,34.278564453125
2020-10-28,45.18000030517578,33.255428314208984
2020-10-29,46.25,34.043025970458984
2020-10-30,45.4900016784668,33.48360824584961
2020-11-02,47.81999969482422,35.19863510131836
2020-11-03,48.72999954223633,35.86845397949219
2020-11-04,46.45000076293945,34.19023132324219
2020-11-05,48.970001220703125,36.04512023925781
2020-11-06,48.22999954223633,35.500431060791016
2020-11-09,52.119998931884766,38.36371994018555
2020-11-10,53.459999084472656,39.35004425048828
2020-11-11,52.209999084472656,38.429962158203125
2020-11-12,51.040000915527344,37.56877136230469
2020-11-13,51.970001220703125,38.25331497192383
2020-11-16,53.93000030517578,39.69599914550781
2020-11-17,54.47999954223633,40.100826263427734
2020-11-18,55.29999923706055,40.704402923583984
2020-11-19,55.34000015258789,40.733848571777344
2020-11-20,54.72999954223633,40.28484344482422
2020-11-23,55.939998626708984,41.175479888916016
2020-11-24,57.72999954223633,42.49304962158203
2020-11-25,56.43000030517578,41.53616714477539
2020-11-27,55.400001525878906,41.29021072387695
2020-11-30,53.0099983215332,39.508914947509766
2020-12-01,53.529998779296875,39.896480560302734
2020-12-02,53.20000076293945,39.650516510009766
2020-12-03,53.599998474121094,39.948646545410156
2020-12-04,55.04999923706055,41.029354095458984
2020-12-07,53.209999084472656,39.65797424316406
2020-12-08,54.54999923706055,40.65669631958008
2020-12-09,54.65999984741211,40.738677978515625
2020-12-10,54.43000030517578,40.567256927490234
2020-12-11,54.0,40.24676513671875
2020-12-14,53.060001373291016,39.546180725097656
2020-12-15,54.130001068115234,40.343666076660156
2020-12-16,53.83000183105469,40.12007522583008
2020-12-17,53.83000183105469,40.12007522583008
2020-12-18,55.65999984741211,41.48399353027344
2020-12-21,55.08000183105469,41.05171203613281
2020-12-22,54.66999816894531,40.74612808227539
2020-12-23,54.75,40.80575942993164
2020-12-24,54.790000915527344,40.835567474365234
2020-12-28,54.290000915527344,40.462913513183594
2020-12-29,54.33000183105469,40.492733001708984
2020-12-30,55.470001220703125,41.342384338378906
2020-12-31,55.5,41.364742279052734
2021-01-04,54.040000915527344,40.276588439941406
2021-01-05,55.79999923706055,41.58832931518555
2021-01-06,58.43000030517578,43.548500061035156
2021-01-07,58.5099983215332,43.60813522338867
2021-01-08,58.209999084472656,43.384525299072266
2021-01-11,58.86000061035156,43.868980407714844
2021-01-12,61.040000915527344,45.49375915527344
2021-01-13,60.029998779296875,44.74098587036133
2021-01-14,59.650001525878906,44.4577751159668
2021-01-15,57.310001373291016,42.71375274658203
2021-01-19,57.54999923706055,42.89263153076172
2021-01-20,58.56999969482422,43.65284729003906
2021-01-21,57.560001373291016,42.90007400512695
2021-01-22,57.5,42.85536193847656
2021-01-25,57.22999954223633,42.65412902832031
2021-01-26,55.7400016784668,41.54361343383789
2021-01-27,54.38999938964844,40.53744125366211
2021-01-28,54.380001068115234,40.52998352050781
2021-01-29,51.900001525878906,38.681617736816406
2021-02-01,52.75,39.31513595581055
2021-02-02,54.61000061035156,40.701412200927734
2021-02-03,55.349998474121094,41.2529411315918
2021-02-04,56.34000015258789,41.99080276489258
2021-02-05,57.2400016784668,42.66157531738281
2021-02-08,57.349998474121094,42.74356460571289
2021-02-09,56.599998474121094,42.18457794189453
2021-02-10,57.66999816894531,42.98206329345703
2021-02-11,57.66999816894531,42.98206329345703
2021-02-12,58.150001525878906,43.33981704711914
2021-02-16,58.75,43.786991119384766
2021-02-17,58.540000915527344,43.630489349365234
2021-02-18,57.560001373291016,42.90007400512695
2021-02-19,60.38999938964844,45.00930404663086
2021-02-22,62.47999954223633,46.5670051574707
2021-02-23,62.119998931884766,46.298702239990234
2021-02-24,63.689998626708984,47.46882629394531
2021-02-25,61.349998474121094,46.23293685913086
2021-02-26,59.310001373291016,44.695613861083984
2021-03-01,61.540000915527344,46.37611770629883
2021-03-02,62.72999954223633,47.272891998291016
2021-03-03,62.25,46.91117858886719
2021-03-04,61.20000076293945,46.119903564453125
2021-03-05,62.90999984741211,47.408546447753906
2021-03-08,63.439998626708984,47.80795669555664
2021-03-09,62.2599983215332,46.91870880126953
2021-03-10,64.08999633789062,48.29777526855469
2021-03-11,64.31999969482422,48.471126556396484
2021-03-12,64.33999633789062,48.48617935180664
2021-03-15,62.900001525878906,47.40100860595703
2021-03-16,63.18000030517578,47.61201477050781
2021-03-17,66.01000213623047,49.744693756103516
2021-03-18,64.72000122070312,48.772552490234375
2021-03-19,63.90999984741211,48.162139892578125
2021-03-22,63.5099983215332,47.860713958740234
2021-03-23,60.75,45.780792236328125
2021-03-24,62.040000915527344,46.752925872802734
2021-03-25,63.2400016784668,47.6572265625
2021-03-26,63.9900016784668,48.22242736816406
2021-03-29,63.900001525878906,48.15460968017578
2021-03-30,64.61000061035156,48.68965530395508
2021-03-31,63.939998626708984,48.184749603271484
2021-04-01,64.5999984741211,48.68212127685547
2021-04-05,64.58999633789062,48.67457962036133
2021-04-06,64.5999984741211,48.68212127685547
2021-04-07,63.9900016784668,48.22242736816406
2021-04-08,63.189998626708984,47.61955642700195
2021-04-09,63.13999938964844,47.581871032714844
2021-04-12,63.790000915527344,48.07170867919922
2021-04-13,63.310001373291016,47.709983825683594
2021-04-14,64.23999786376953,48.410823822021484
2021-04-15,64.56999969482422,48.65951156616211
2021-04-16,64.68000030517578,48.742408752441406
2021-04-19,64.55000305175781,48.64443588256836
2021-04-20,62.47999954223633,47.08449935913086
2021-04-21,64.81999969482422,48.8479118347168
2021-04-22,60.93000030517578,45.91642761230469
2021-04-23,62.11000061035156,46.8056755065918
2021-04-26,62.20000076293945,46.87349319458008
2021-04-27,62.650001525878906,47.212608337402344
2021-04-28,63.310001373291016,47.709983825683594
2021-04-29,64.05999755859375,48.27518081665039
2021-04-30,62.5,47.09956741333008
2021-05-03,64.55000305175781,48.64443588256836
2021-05-04,66.22000122070312,49.90294647216797
2021-05-05,68.06999969482422,51.297080993652344
2021-05-06,69.04000091552734,52.028072357177734
2021-05-07,69.04000091552734,52.028072357177734
2021-05-10,68.7300033569336,51.79445266723633
2021-05-11,68.56999969482422,51.673866271972656
2021-05-12,67.5999984741211,50.942893981933594
2021-05-13,68.08000183105469,51.304622650146484
2021-05-14,69.83000183105469,52.62342071533203
2021-05-17,70.91000366210938,53.43730545043945
2021-05-18,69.52999877929688,52.3973274230957
2021-05-19,68.55000305175781,51.65882110595703
2021-05-20,68.26000213623047,51.44026565551758
2021-05-21,68.83000183105469,51.86981201171875
2021-05-24,69.55000305175781,52.41241455078125
2021-05-25,69.04000091552734,52.028072357177734
2021-05-26,69.56999969482422,52.42748260498047
2021-05-27,68.66000366210938,52.26762771606445
2021-05-28,68.41999816894531,52.08490753173828
2021-06-01,70.41000366210938,53.59980773925781
2021-06-02,68.94999694824219,52.48836898803711
2021-06-03,70.61000061035156,53.75205612182617
2021-06-04,70.37000274658203,53.5693473815918
2021-06-07,69.23999786376953,52.709136962890625
2021-06-08,69.37999725341797,52.81571578979492
2021-06-09,68.83999633789062,52.40462875366211
2021-06-10,67.98999786376953,51.75757598876953
2021-06-11,68.0,51.76517868041992
2021-06-14,66.95999908447266,50.97348403930664
2021-06-15,67.22000122070312,51.17142105102539
2021-06-16,65.58999633789062,49.930572509765625
2021-06-17,63.540000915527344,48.37000274658203
2021-06-18,61.97999954223633,47.18245315551758
2021-06-21,63.11000061035156,48.042667388916016
2021-06-22,63.5,48.33955764770508
2021-06-23,63.150001525878906,48.0731086730957
2021-06-24,63.11000061035156,48.042667388916016
2021-06-25,63.290000915527344,48.1796875
2021-06-28,62.900001525878906,47.88279724121094
2021-06-29,62.97999954223633,47.943695068359375
2021-06-30,63.279998779296875,48.17207336425781
2021-07-01,63.5,48.33955764770508
2021-07-02,63.5099983215332,48.347171783447266
2021-07-06,61.93000030517578,47.14438247680664
2021-07-07,62.25,47.38798522949219
2021-07-08,61.40999984741211,46.74852752685547
2021-07-09,63.08000183105469,48.01982879638672
2021-07-12,63.220001220703125,48.12640380859375
2021-07-13,62.70000076293945,47.73054504394531
2021-07-14,62.31999969482422,47.44127655029297
2021-07-15,61.90999984741211,47.12915802001953
2021-07-16,60.0099983215332,45.682777404785156
2021-07-19,57.790000915527344,43.9927978515625
2021-07-20,58.619998931884766,44.6246337890625
2021-07-21,59.72999954223633,45.469627380371094
2021-07-22,60.47999954223633,46.040565490722656
2021-07-23,60.11000061035156,45.75889205932617
2021-07-26,62.0099983215332,47.20528030395508
2021-07-27,61.95000076293945,47.15960693359375
2021-07-28,61.869998931884766,47.09870529174805
2021-07-29,62.599998474121094,47.654415130615234
2021-07-30,62.15999984741211,47.31947326660156
2021-08-02,61.220001220703125,46.60388946533203
2021-08-03,62.22999954223633,47.37276077270508
2021-08-04,60.9900016784668,46.42880630493164
2021-08-05,61.0,46.43641662597656
2021-08-06,62.0,47.19766616821289
2021-08-09,61.81999969482422,47.06065368652344
2021-08-10,63.119998931884766,48.05027389526367
2021-08-11,64.23999786376953,48.90287399291992
2021-08-12,64.01000213623047,48.727783203125
2021-08-13,63.689998626708984,48.48418045043945
2021-08-16,63.31999969482422,48.20252227783203
2021-08-17,62.310001373291016,47.433658599853516
2021-08-18,61.880001068115234,47.1063117980957
2021-08-19,60.54999923706055,46.09385681152344
2021-08-20,60.88999938964844,46.352684020996094
2021-08-23,62.060001373291016,47.24333953857422
2021-08-24,63.2599983215332,48.1568489074707
2021-08-25,63.869998931884766,48.6212158203125
2021-08-26,63.650001525878906,48.45374298095703
2021-08-27,65.37999725341797,49.77070617675781
2021-08-30,63.97999954223633,49.232059478759766
2021-08-31,62.900001525878906,48.4010124206543
2021-09-01,62.540000915527344,48.12399673461914
2021-09-02,62.619998931884766,48.1855583190918
2021-09-03,62.119998931884766,47.800804138183594
2021-09-07,61.869998931884766,47.60843276977539
2021-09-08,60.689998626708984,46.700435638427734
2021-09-09,60.279998779296875,46.384944915771484
2021-09-10,60.40999984741211,46.484981536865234
2021-09-13,60.720001220703125,46.72352600097656
2021-09-14,59.650001525878906,45.900169372558594
2021-09-15,60.20000076293945,46.32338333129883
2021-09-16,59.470001220703125,45.76164627075195
2021-09-17,57.75,44.438133239746094
2021-09-20,56.18000030517578,43.23002624511719
2021-09-21,55.529998779296875,42.729862213134766
2021-09-22,56.29999923706055,43.32236862182617
2021-09-23,57.43000030517578,44.19189453125
2021-09-24,56.810001373291016,43.714813232421875
2021-09-27,59.689998626708984,45.930938720703125
2021-09-28,59.459999084472656,45.75395965576172
2021-09-29,58.81999969482422,45.26148223876953
2021-09-30,57.560001373291016,44.291927337646484
2021-10-01,58.58000183105469,45.076812744140625
2021-10-04,58.2400016784668,44.8151741027832
2021-10-05,59.099998474121094,45.47694396972656
2021-10-06,57.15999984741211,43.984130859375
2021-10-07,58.5099983215332,45.02294158935547
2021-10-08,58.709999084472656,45.176841735839844
2021-10-11,58.22999954223633,44.8074836730957
2021-10-12,57.7400016784668,44.4304313659668
2021-10-13,56.90999984741211,43.7917594909668
2021-10-14,58.7400016784668,45.199920654296875
2021-10-15,58.959999084472656,45.36920928955078
2021-10-18,58.95000076293945,45.36151885986328
2021-10-19,59.189998626708984,45.546199798583984
2021-10-20,59.88999938964844,46.084835052490234
2021-10-21,59.2599983215332,45.600059509277344
2021-10-22,58.400001525878906,44.93829345703125
2021-10-25,58.709999084472656,45.176841735839844
2021-10-26,58.709999084472656,45.176841735839844
2021-10-27,56.0,43.091514587402344
2021-10-28,56.56999969482422,43.53012466430664
2021-10-29,55.970001220703125,43.06843185424805
2021-11-01,57.439998626708984,44.1995849609375
2021-11-02,58.470001220703125,44.99216079711914
2021-11-03,59.04999923706055,45.4384651184082
2021-11-04,57.16999816894531,43.99182891845703
2021-11-05,58.310001373291016,44.869049072265625
2021-11-08,58.56999969482422,45.06911849975586
2021-11-09,58.790000915527344,45.238399505615234
2021-11-10,58.7599983215332,45.215309143066406
2021-11-11,59.68000030517578,45.92325210571289
2021-11-12,60.060001373291016,46.21566390991211
2021-11-15,59.91999816894531,46.1079216003418
2021-11-16,58.86000061035156,45.292259216308594
2021-11-17,58.34000015258789,44.892127990722656
2021-11-18,57.97999954223633,44.6151123046875
2021-11-19,57.34000015258789,44.12263488769531
2021-11-22,58.790000915527344,45.238399505615234
2021-11-23,59.18000030517578,45.538490295410156
2021-11-24,58.630001068115234,45.11528778076172
2021-11-26,57.599998474121094,44.32270050048828
2021-11-29,56.86000061035156,44.29155731201172
2021-11-30,54.93000030517578,42.78815841674805
2021-12-01,52.7599983215332,41.097816467285156
2021-12-02,53.18000030517578,41.42498016357422
2021-12-03,53.06999969482422,41.339298248291016
2021-12-06,53.880001068115234,41.97024917602539
2021-12-07,54.86000061035156,42.73363494873047
2021-12-08,54.90999984741211,42.772579193115234
2021-12-09,54.38999938964844,42.36751937866211
2021-12-10,54.68000030517578,42.59342575073242
2021-12-13,53.31999969482422,41.53403091430664
2021-12-14,53.880001068115234,41.97024917602539
2021-12-15,54.040000915527344,42.094879150390625
2021-12-16,54.599998474121094,42.53110122680664
2021-12-17,54.099998474121094,42.141624450683594
2021-12-20,53.5099983215332,41.682029724121094
2021-12-21,54.20000076293945,42.219520568847656
2021-12-22,54.22999954223633,42.24288558959961
2021-12-23,55.13999938964844,42.95174026489258
2021-12-27,55.869998931884766,43.5203857421875
2021-12-28,56.630001068115234,44.112388610839844
2021-12-29,57.060001373291016,44.44734191894531
2021-12-30,56.779998779296875,44.229225158691406
2021-12-31,56.720001220703125,44.1824951171875
2022-01-03,56.869998931884766,44.299339294433594
2022-01-04,58.40999984741211,45.49894332885742
2022-01-05,58.349998474121094,45.45219421386719
2022-01-06,58.2400016784668,45.366512298583984
2022-01-07,59.099998474121094,46.03641128540039
2022-01-10,58.400001525878906,45.49114227294922
2022-01-11,59.18000030517578,46.098724365234375
2022-01-12,59.2599983215332,46.161041259765625
2022-01-13,59.939998626708984,46.690738677978516
2022-01-14,60.7400016784668,47.31390380859375
2022-01-18,60.20000076293945,46.89326095581055
2022-01-19,59.84000015258789,46.61284255981445
2022-01-20,57.810001373291016,45.03156280517578
2022-01-21,56.720001220703125,44.1824951171875
2022-01-24,56.619998931884766,44.10459518432617
2022-01-25,57.18000030517578,44.54081344604492
2022-01-26,57.220001220703125,44.57197952270508
2022-01-27,60.18000030517578,46.87769317626953
2022-01-28,60.040000915527344,46.76863098144531
2022-01-31,59.72999954223633,46.527156829833984
2022-02-01,61.810001373291016,48.14738845825195
2022-02-02,61.65999984741211,48.030540466308594
2022-02-03,61.209999084472656,47.680015563964844
2022-02-04,60.599998474121094,47.20485305786133
2022-02-07,59.90999984741211,46.6673698425293
2022-02-08,61.09000015258789,47.5865478515625
2022-02-09,61.9900016784668,48.287601470947266
2022-02-10,60.95000076293945,47.47748565673828
2022-02-11,61.09000015258789,47.5865478515625
2022-02-14,60.83000183105469,47.384010314941406
2022-02-15,61.86000061035156,48.18634033203125
2022-02-16,62.08000183105469,48.35771560668945
2022-02-17,61.16999816894531,47.648860931396484
2022-02-18,60.59000015258789,47.19706344604492
2022-02-22,60.29999923706055,46.971160888671875
2022-02-23,59.970001220703125,46.71410369873047
2022-02-24,58.720001220703125,45.74040985107422
2022-02-25,59.650001525878906,47.02544021606445
2022-02-28,58.959999084472656,46.481468200683594
2022-03-01,57.130001068115234,45.03877639770508
2022-03-02,59.20000076293945,46.6706657409668
2022-03-03,59.66999816894531,47.041194915771484
2022-03-04,58.83000183105469,46.37897872924805
2022-03-07,57.97999954223633,45.70886993408203
2022-03-08,57.84000015258789,45.59850311279297
2022-03-09,59.79999923706055,47.143680572509766
2022-03-10,60.630001068115234,47.79801940917969
2022-03-11,60.90999984741211,48.01875686645508
2022-03-14,60.279998779296875,47.522090911865234
2022-03-15,58.869998931884766,46.4105110168457
2022-03-16,59.63999938964844,47.017547607421875
2022-03-17,62.84000015258789,49.540287017822266
2022-03-18,62.38999938964844,49.18553161621094
2022-03-21,63.34000015258789,49.9344596862793
2022-03-22,63.54999923706055,50.10002136230469
2022-03-23,63.29999923706055,49.90292739868164
2022-03-24,64.08999633789062,50.525726318359375
2022-03-25,64.69999694824219,51.006622314453125
2022-03-28,64.11000061035156,50.54149627685547
2022-03-29,64.19000244140625,50.60456848144531
2022-03-30,64.26000213623047,50.659759521484375
2022-03-31,63.720001220703125,50.234046936035156
2022-04-01,64.18000030517578,50.596683502197266
2022-04-04,64.01000213623047,50.46266555786133
2022-04-05,63.4900016784668,50.0527229309082
2022-04-06,61.66999816894531,48.6179084777832
2022-04-07,61.25,48.28679656982422
2022-04-08,61.68000030517578,48.625789642333984
2022-04-11,61.95000076293945,48.838653564453125
2022-04-12,63.2599983215332,49.87139129638672
2022-04-13,64.16000366210938,50.5809211730957
2022-04-14,65.48999786376953,51.62942886352539
2022-04-18,65.87999725341797,51.93688201904297
2022-04-19,67.05000305175781,52.8592643737793
2022-04-20,67.54000091552734,53.245548248291016
2022-04-21,69.51000213623047,54.798622131347656
2022-04-22,68.5,54.00239181518555
2022-04-25,68.06999969482422,53.663387298583984
2022-04-26,67.37000274658203,53.111541748046875
2022-04-27,67.44999694824219,53.17461013793945
2022-04-28,67.80999755859375,53.45841598510742
2022-04-29,66.5,52.42566680908203
2022-05-02,67.05999755859375,52.86714553833008
2022-05-03,68.1500015258789,53.72646713256836
2022-05-04,70.61000061035156,55.66582107543945
2022-05-05,68.47000122070312,53.97873306274414
2022-05-06,67.93000030517578,53.55302047729492
2022-05-09,66.62999725341797,52.52815628051758
2022-05-10,65.80999755859375,51.88170623779297
2022-05-11,66.79000091552734,52.654293060302734
2022-05-12,67.04000091552734,52.851383209228516
2022-05-13,67.55999755859375,53.261329650878906
2022-05-16,67.9800033569336,53.59243392944336
2022-05-17,69.97000122070312,55.16126251220703
2022-05-18,68.91000366210938,54.32561492919922
2022-05-19,68.76000213623047,54.207359313964844
2022-05-20,68.11000061035156,53.69491958618164
2022-05-23,67.48999786376953,53.206138610839844
2022-05-24,67.06999969482422,52.87502670288086
2022-05-25,67.30000305175781,53.056358337402344
2022-05-26,67.83999633789062,53.48207092285156
2022-05-27,69.05999755859375,55.01149368286133
2022-05-31,67.9800033569336,54.15119171142578
2022-06-01,68.11000061035156,54.25474166870117
2022-06-02,68.0999984741211,54.24678039550781
2022-06-03,67.02999877929688,53.39444351196289
2022-06-06,67.06999969482422,53.426300048828125
2022-06-07,67.37000274658203,53.665279388427734
2022-06-08,67.23999786376953,53.56172180175781
2022-06-09,65.86000061035156,52.46245574951172
2022-06-10,61.869998931884766,49.284122467041016
2022-06-13,58.68000030517578,46.74303436279297
2022-06-14,58.560001373291016,46.6474494934082
2022-06-15,57.40999984741211,45.73139190673828
2022-06-16,55.41999816894531,44.14620590209961
2022-06-17,54.77000045776367,43.62842559814453
2022-06-21,54.95000076293945,43.77180862426758
2022-06-22,52.34000015258789,41.6927490234375
2022-06-23,51.060001373291016,40.67314147949219
2022-06-24,53.13999938964844,42.33000946044922
2022-06-27,52.220001220703125,41.59716033935547
2022-06-28,52.529998779296875,41.84408950805664
2022-06-29,51.97999954223633,41.40597915649414
2022-06-30,51.61000061035156,41.11125183105469
2022-07-01,51.689998626708984,41.17497253417969
2022-07-05,50.72999954223633,40.41027069091797
2022-07-06,51.18000030517578,40.76872253417969
2022-07-07,52.279998779296875,41.64495849609375
2022-07-08,51.380001068115234,40.92803955078125
2022-07-11,51.0099983215332,40.633304595947266
2022-07-12,50.41999816894531,40.16332244873047
2022-07-13,49.66999816894531,39.56589126586914
2022-07-14,48.900001525878906,38.95253372192383
2022-07-15,49.54999923706055,39.47031021118164
2022-07-18,50.470001220703125,40.203155517578125
2022-07-19,52.45000076293945,41.7803840637207
2022-07-20,52.54999923706055,41.86003112792969
2022-07-21,51.400001525878906,40.94397735595703
2022-07-22,50.849998474121094,40.50585174560547
2022-07-25,51.58000183105469,41.08735656738281
2022-07-26,51.29999923706055,40.86431884765625
2022-07-27,52.2400016784668,41.613094329833984
2022-07-28,52.29999923706055,41.660884857177734
2022-07-29,53.209999084472656,42.38577651977539
2022-08-01,52.459999084472656,41.78834533691406
2022-08-02,51.54999923706055,41.06346130371094
2022-08-03,51.4900016784668,41.01567077636719
2022-08-04,50.9900016784668,40.617374420166016
2022-08-05,51.4900016784668,41.01567077636719
2022-08-08,52.150001525878906,41.541404724121094
2022-08-09,52.720001220703125,41.995452880859375
2022-08-10,54.040000915527344,43.04692077636719
2022-08-11,55.2599983215332,44.01875305175781
2022-08-12,55.93000030517578,44.55245590209961
2022-08-15,55.34000015258789,44.08246994018555
2022-08-16,56.11000061035156,44.695831298828125
2022-08-17,55.459999084472656,44.17805862426758
2022-08-18,56.02000045776367,44.6241455078125
2022-08-19,55.4900016784668,44.201961517333984
2022-08-22,54.40999984741211,43.34165954589844
2022-08-23,55.619998931884766,44.30551528930664
2022-08-24,54.2400016784668,43.20625305175781
2022-08-25,55.7599983215332,44.41704177856445
2022-08-26,54.459999084472656,43.38149642944336
2022-08-29,53.56999969482422,42.67253112792969
2022-08-30,51.380001068115234,41.46992492675781
2022-08-31,51.0,41.16321563720703
2022-09-01,49.959999084472656,40.32381057739258
2022-09-02,49.310001373291016,39.79918670654297
2022-09-06,48.59000015258789,39.218055725097656
2022-09-07,48.970001220703125,39.52477264404297
2022-09-08,49.400001525878906,39.871826171875
2022-09-09,50.5099983215332,40.767730712890625
2022-09-12,50.93000030517578,41.106727600097656
2022-09-13,47.869998931884766,38.636924743652344
2022-09-14,47.06999969482422,37.99123764038086
2022-09-15,46.90999984741211,37.862091064453125
2022-09-16,46.41999816894531,37.46660232543945
2022-09-19,46.7400016784668,37.724876403808594
2022-09-20,46.09000015258789,37.200252532958984
2022-09-21,44.97999954223633,36.304344177246094
2022-09-22,44.77000045776367,36.134857177734375
2022-09-23,43.900001525878906,35.43265151977539
2022-09-26,43.38999938964844,35.02102279663086
2022-09-27,43.790000915527344,35.343875885009766
2022-09-28,45.04999923706055,36.360836029052734
2022-09-29,44.15999984741211,35.64250946044922
2022-09-30,43.93000030517578,35.45686340332031
2022-10-03,45.279998779296875,36.546478271484375
2022-10-04,46.619998931884766,37.62802505493164
2022-10-05,46.060001373291016,37.17604064941406
2022-10-06,45.52000045776367,36.740196228027344
2022-10-07,44.40999984741211,35.84428787231445
2022-10-10,44.880001068115234,36.223636627197266
2022-10-11,43.95000076293945,35.4730110168457
2022-10-12,43.810001373291016,35.360015869140625
2022-10-13,45.91999816894531,37.06303787231445
2022-10-14,45.119998931884766,36.41734313964844
2022-10-17,45.2599983215332,36.53034210205078
2022-10-18,46.380001068115234,37.43431854248047
2022-10-19,45.130001068115234,36.425411224365234
2022-10-20,44.93000030517578,36.26399230957031
2022-10-21,46.869998931884766,37.82980728149414
2022-10-24,47.040000915527344,37.96702575683594
2022-10-25,47.849998474121094,38.620784759521484
2022-10-26,47.9900016784668,38.733787536621094
2022-10-27,47.619998931884766,38.43515396118164
2022-10-28,47.47999954223633,38.32215118408203
2022-10-31,46.7400016784668,37.724876403808594
2022-11-01,46.93000030517578,37.878238677978516
2022-11-02,46.93000030517578,37.878238677978516
2022-11-03,46.4900016784668,37.52309799194336
2022-11-04,49.029998779296875,39.57319259643555
2022-11-07,49.5,39.95254135131836
2022-11-08,49.650001525878906,40.073604583740234
2022-11-09,47.68000030517578,38.48357009887695
2022-11-10,49.959999084472656,40.32381057739258
2022-11-11,53.13999938964844,42.89046096801758
2022-11-14,51.95000076293945,41.92998123168945
2022-11-15,51.599998474121094,41.64749526977539
2022-11-16,50.5099983215332,40.767730712890625
2022-11-17,50.130001068115234,40.461021423339844
2022-11-18,50.06999969482422,40.41259765625
2022-11-21,50.16999816894531,40.49330139160156
2022-11-22,51.56999969482422,41.6232795715332
2022-11-23,51.54999923706055,41.60713577270508
2022-11-25,51.560001373291016,41.615211486816406
2022-11-28,50.20000076293945,40.51752471923828
2022-11-29,50.650001525878906,41.45884323120117
2022-11-30,50.970001220703125,41.720767974853516
2022-12-01,51.06999969482422,41.8026237487793
2022-12-02,51.54999923706055,42.19552230834961
2022-12-05,51.25,41.94995880126953
2022-12-06,51.04999923706055,41.786258697509766
2022-12-07,50.70000076293945,41.4997673034668
2022-12-08,50.560001373291016,41.385169982910156
2022-12-09,50.20000076293945,41.09049606323242
2022-12-12,51.11000061035156,41.835357666015625
2022-12-13,51.560001373291016,42.20370101928711
2022-12-14,51.36000061035156,42.040000915527344
2022-12-15,49.529998779296875,40.542076110839844
2022-12-16,49.79999923706055,40.763084411621094
2022-12-19,49.33000183105469,40.37837219238281
2022-12-20,49.65999984741211,40.64849090576172
2022-12-21,50.66999816894531,41.47520446777344
2022-12-22,50.16999816894531,41.065940856933594
2022-12-23,50.86000061035156,41.630733489990234
2022-12-27,51.189998626708984,41.900848388671875
2022-12-28,49.9900016784668,40.918609619140625
2022-12-29,50.650001525878906,41.45884323120117
2022-12-30,50.38999938964844,41.24601745605469
2023-01-03,51.040000915527344,41.778072357177734
2023-01-04,52.33000183105469,42.833980560302734
2023-01-05,52.90999984741211,43.30873107910156
2023-01-06,55.02000045776367,45.03583526611328
2023-01-09,55.279998779296875,45.248653411865234
2023-01-10,56.470001220703125,46.22271728515625
2023-01-11,57.58000183105469,47.13129425048828
2023-01-12,58.52000045776367,47.900718688964844
2023-01-13,58.68000030517578,48.03167724609375
2023-01-17,57.400001525878906,46.98395919799805
2023-01-18,56.84000015258789,46.52557373046875
2023-01-19,56.599998474121094,46.32912826538086
2023-01-20,57.439998626708984,47.01669692993164
2023-01-23,58.040000915527344,47.50782012939453
2023-01-24,58.20000076293945,47.6387825012207
2023-01-25,57.88999938964844,47.38504409790039
2023-01-26,58.119998931884766,47.573299407958984
2023-01-27,58.970001220703125,48.26906204223633
2023-01-30,57.95000076293945,47.43415451049805
2023-01-31,59.349998474121094,48.58009719848633
2023-02-01,60.220001220703125,49.29222869873047
2023-02-02,59.95000076293945,49.07121658325195
2023-02-03,60.0,49.112152099609375
2023-02-06,60.09000015258789,49.18581771850586
2023-02-07,60.5099983215332,49.52960205078125
2023-02-08,59.810001373291016,48.956626892089844
2023-02-09,59.08000183105469,48.359092712402344
2023-02-10,59.81999969482422,48.964813232421875
2023-02-13,60.31999969482422,49.374080657958984
2023-02-14,59.7599983215332,48.91569900512695
2023-02-15,59.7599983215332,48.91569900512695
2023-02-16,58.68000030517578,48.03167724609375
2023-02-17,58.130001068115234,47.58149337768555
2023-02-21,56.84000015258789,46.52557373046875
2023-02-22,57.0099983215332,46.66472625732422
2023-02-23,57.189998626708984,46.81206512451172
2023-02-24,57.790000915527344,47.30318832397461
2023-02-27,56.9900016784668,47.22032928466797
2023-02-28,57.20000076293945,47.394325256347656
2023-03-01,58.02000045776367,48.073753356933594
2023-03-02,58.439998626708984,48.421756744384766
2023-03-03,58.31999969482422,48.322330474853516
2023-03-06,57.11000061035156,47.31975555419922
2023-03-07,55.79999923706055,46.23432159423828
2023-03-08,56.2599983215332,46.61546325683594
2023-03-09,55.099998474121094,45.65432357788086
2023-03-10,53.880001068115234,44.643470764160156
2023-03-13,52.400001525878906,43.41718292236328
2023-03-14,52.290000915527344,43.32603454589844
2023-03-15,50.47999954223633,41.826316833496094
2023-03-16,50.90999984741211,42.1826057434082
2023-03-17,50.02000045776367,41.44517517089844
2023-03-20,51.2599983215332,42.47260284423828
2023-03-21,52.060001373291016,43.13546371459961
2023-03-22,51.380001068115234,42.5720329284668
2023-03-23,51.650001525878906,42.795753479003906
2023-03-24,51.779998779296875,42.903465270996094
2023-03-27,52.0,43.08574676513672
2023-03-28,52.90999984741211,43.839752197265625
2023-03-29,53.599998474121094,44.411460876464844
2023-03-30,54.0,44.74289321899414
2023-03-31,54.81999969482422,45.42232894897461
2023-04-03,55.33000183105469,45.84489822387695
2023-04-04,54.2599983215332,44.95832443237305
2023-04-05,54.63999938964844,45.27317810058594
2023-04-06,54.65999984741211,45.28974533081055
2023-04-10,55.810001373291016,46.242610931396484
2023-04-11,56.189998626708984,46.55746841430664
2023-04-12,56.88999938964844,47.13747024536133
2023-04-13,56.91999816894531,47.162322998046875
2023-04-14,56.5,46.81432342529297
2023-04-17,56.900001525878906,47.145755767822266
2023-04-18,56.779998779296875,47.04632568359375
2023-04-19,56.439998626708984,46.76460647583008
2023-04-20,55.70000076293945,46.15147018432617
2023-04-21,54.869998931884766,45.463748931884766
2023-04-24,55.38999938964844,45.89461135864258
2023-04-25,52.5,43.500030517578125
2023-04-26,52.58000183105469,43.56632614135742
2023-04-27,53.5,44.32860565185547
2023-04-28,54.400001525878906,45.074317932128906
2023-05-01,54.11000061035156,44.83403778076172
2023-05-02,53.779998779296875,44.560604095458984
2023-05-03,53.0,43.91432189941406
2023-05-04,53.36000061035156,44.21261215209961
2023-05-05,54.40999984741211,45.08260726928711
2023-05-08,54.150001525878906,44.86717987060547
2023-05-09,53.66999816894531,44.46946716308594
2023-05-10,53.45000076293945,44.28718566894531
2023-05-11,52.34000015258789,43.367462158203125
2023-05-12,52.310001373291016,43.34260940551758
2023-05-15,52.2599983215332,43.30117416381836
2023-05-16,51.060001373291016,42.3068962097168
2023-05-17,51.47999954223633,42.6548957824707
2023-05-18,51.869998931884766,42.9780387878418
2023-05-19,51.95000076293945,43.04432678222656
2023-05-22,51.77000045776367,42.895179748535156
2023-05-23,51.959999084472656,43.0526123046875
2023-05-24,51.31999969482422,42.52231979370117
2023-05-25,50.369998931884766,41.73517990112305
2023-05-26,50.34000015258789,41.7103271484375
2023-05-30,49.5,41.592689514160156
2023-05-31,48.779998779296875,40.98769760131836
2023-06-01,49.0,41.17255783081055
2023-06-02,51.61000061035156,43.365623474121094
2023-06-05,51.5,43.27320098876953
2023-06-06,52.59000015258789,44.18907165527344
2023-06-07,53.869998931884766,45.26460266113281
2023-06-08,52.779998779296875,44.34872817993164
2023-06-09,51.7400016784668,43.47486114501953
2023-06-12,51.79999923706055,43.52527618408203
2023-06-13,53.13999938964844,44.65121841430664
2023-06-14,52.810001373291016,44.37393569946289
2023-06-15,53.47999954223633,44.93690490722656
2023-06-16,53.15999984741211,44.668025970458984
2023-06-20,51.91999816894531,43.626102447509766
2023-06-21,51.880001068115234,43.592498779296875
2023-06-22,51.38999938964844,43.18077087402344
2023-06-23,51.36000061035156,43.15555953979492
2023-06-26,51.95000076293945,43.651309967041016
2023-06-27,52.56999969482422,44.172271728515625
2023-06-28,52.959999084472656,44.499969482421875
2023-06-29,53.2400016784668,44.73524475097656
2023-06-30,53.2599983215332,44.75204849243164
2023-07-03,53.779998779296875,45.18898010253906
2023-07-05,52.84000015258789,44.39913558959961
2023-07-06,52.77000045776367,44.340328216552734
2023-07-07,53.099998474121094,44.61760330200195
2023-07-10,53.27000045776367,44.76045227050781
2023-07-11,53.41999816894531,44.88648986816406
2023-07-12,54.11000061035156,45.46626281738281
2023-07-13,54.209999084472656,45.550289154052734
2023-07-14,52.91999816894531,44.466365814208984
2023-07-17,52.43000030517578,44.05464172363281
2023-07-18,52.97999954223633,44.51677322387695
2023-07-19,52.81999969482422,44.3823356628418
2023-07-20,53.04999923706055,44.57559585571289
2023-07-21,53.04999923706055,44.57559585571289
2023-07-24,52.54999923706055,44.15546798706055
2023-07-25,53.47999954223633,44.93690490722656
2023-07-26,53.70000076293945,45.121761322021484
2023-07-27,54.939998626708984,46.16368103027344
2023-07-28,55.459999084472656,46.60061264038086
2023-07-31,56.470001220703125,47.44927215576172
2023-08-01,55.779998779296875,46.86949157714844
2023-08-02,54.70000076293945,45.9620246887207
2023-08-03,54.900001525878906,46.130069732666016
2023-08-04,54.5099983215332,45.8023681640625
2023-08-07,55.52000045776367,46.651031494140625
2023-08-08,55.0099983215332,46.222496032714844
2023-08-09,55.540000915527344,46.66783142089844
2023-08-10,55.97999954223633,47.03754806518555
2023-08-11,55.45000076293945,46.59221267700195
2023-08-14,55.380001068115234,46.533390045166016
2023-08-15,53.529998779296875,44.978919982910156
2023-08-16,53.31999969482422,44.802459716796875
2023-08-17,53.86000061035156,45.25619888305664
2023-08-18,54.02000045776367,45.39064025878906
2023-08-21,54.16999816894531,45.51667785644531
2023-08-22,53.790000915527344,45.197391510009766
2023-08-23,53.400001525878906,44.86968231201172
2023-08-24,53.540000915527344,44.98732376098633
2023-08-25,53.97999954223633,45.35704040527344
2023-08-28,54.599998474121094,45.877986907958984
2023-08-29,55.2400016784668,46.41575622558594
2023-08-30,54.75,46.59447479248047
2023-08-31,54.560001373291016,46.432777404785156
2023-09-01,55.290000915527344,47.054039001464844
2023-09-05,54.189998626708984,46.11788558959961
2023-09-06,54.88999938964844,46.713619232177734
2023-09-07,54.099998474121094,46.04130172729492
2023-09-08,53.709999084472656,45.709388732910156
2023-09-11,53.66999816894531,45.67534637451172
2023-09-12,53.630001068115234,45.64131164550781
2023-09-13,52.81999969482422,44.95196533203125
2023-09-14,54.040000915527344,45.990238189697266
2023-09-15,53.84000015258789,45.820030212402344
2023-09-18,53.380001068115234,45.428550720214844
2023-09-19,52.900001525878906,45.02004623413086
2023-09-20,52.459999084472656,44.64559555053711
2023-09-21,51.0,43.403072357177734
2023-09-22,50.25,42.76478958129883
2023-09-25,51.09000015258789,43.47966384887695
2023-09-26,50.47999954223633,42.96052932739258
2023-09-27,51.0,43.403072357177734
2023-09-28,50.93000030517578,43.34349822998047
2023-09-29,51.560001373291016,43.879661560058594
2023-10-02,51.29999923706055,43.65838623046875
2023-10-03,51.02000045776367,43.42009353637695
2023-10-04,51.11000061035156,43.496681213378906
2023-10-05,49.86000061035156,42.432884216308594
2023-10-06,50.279998779296875,42.79031753540039
2023-10-09,50.810001373291016,43.24137496948242
2023-10-10,51.310001373291016,43.66689682006836
2023-10-11,50.88999938964844,43.309452056884766
2023-10-12,50.25,42.76478958129883
2023-10-13,49.72999954223633,42.32225036621094
2023-10-16,50.189998626708984,42.7137336730957
2023-10-17,50.72999954223633,43.17329025268555
2023-10-18,50.08000183105469,42.6201171875
2023-10-19,49.45000076293945,42.083953857421875
2023-10-20,48.9900016784668,41.692481994628906
2023-10-23,48.2400016784668,41.05419921875
2023-10-24,49.2400016784668,41.90523910522461
2023-10-25,47.540000915527344,40.45846939086914
2023-10-26,48.02000045776367,40.866973876953125
2023-10-27,48.11000061035156,40.94356155395508
2023-10-30,48.34000015258789,41.13929748535156
2023-10-31,48.34000015258789,41.13929748535156
2023-11-01,48.209999084472656,41.02867126464844
2023-11-02,48.9900016784668,41.692481994628906
2023-11-03,49.72999954223633,42.32225036621094
2023-11-06,49.34000015258789,41.9903450012207
2023-11-07,48.529998779296875,41.300994873046875
2023-11-08,48.29999923706055,41.10525894165039
2023-11-09,48.36000061035156,41.15632629394531
2023-11-10,49.47999954223633,42.109493255615234
2023-11-13,49.2400016784668,41.90523910522461
2023-11-14,51.04999923706055,43.44562530517578
2023-11-15,51.529998779296875,43.854122161865234
2023-11-16,51.439998626708984,43.77752685546875
2023-11-17,51.70000076293945,43.99879837036133
2023-11-20,51.68000030517578,43.981781005859375
2023-11-21,51.72999954223633,44.02433395385742
2023-11-22,51.400001525878906,43.74348831176758
2023-11-24,51.66999816894531,43.973262786865234
2023-11-27,51.119998931884766,43.50519943237305
2023-11-28,51.689998626708984,43.99028396606445
2023-11-29,51.33000183105469,44.28361511230469
2023-11-30,51.75,44.64596176147461
2023-12-01,52.29999923706055,45.12045669555664
2023-12-04,52.099998474121094,44.94791030883789
2023-12-05,51.13999938964844,44.11970138549805
2023-12-06,50.88999938964844,43.904014587402344
2023-12-07,51.06999969482422,44.059303283691406
2023-12-08,50.91999816894531,43.92989730834961
2023-12-11,51.279998779296875,44.240474700927734
2023-12-12,50.81999969482422,43.843624114990234
2023-12-13,52.33000183105469,45.146339416503906
2023-12-14,54.22999954223633,46.78551483154297
2023-12-15,54.2400016784668,46.794151306152344
2023-12-18,54.25,46.80276870727539
2023-12-19,54.91999816894531,47.38079071044922
2023-12-20,54.58000183105469,47.087467193603516
2023-12-21,54.970001220703125,47.42393112182617
2023-12-22,55.119998931884766,47.553340911865234
2023-12-26,55.709999084472656,48.06235122680664
2023-12-27,55.709999084472656,48.06235122680664
2023-12-28,55.22999954223633,47.64823532104492
2023-12-29,54.84000015258789,47.3117790222168
2024-01-02,55.33000183105469,47.73451614379883
2024-01-03,54.630001068115234,47.1306037902832
2024-01-04,54.189998626708984,46.75100326538086
2024-01-05,54.81999969482422,47.29452133178711
2024-01-08,55.08000183105469,47.51883316040039
2024-01-09,53.939998626708984,46.53532028198242
2024-01-10,53.380001068115234,46.05220413208008
2024-01-11,53.63999938964844,46.276512145996094
2024-01-12,53.369998931884766,46.0435791015625
2024-01-16,53.099998474121094,45.810630798339844
2024-01-17,52.470001220703125,45.26712417602539
2024-01-18,52.599998474121094,45.379268646240234
2024-01-19,52.810001373291016,45.560447692871094
2024-01-22,53.560001373291016,46.207489013671875
2024-01-23,53.90999984741211,46.50944137573242
2024-01-24,53.09000015258789,45.80200958251953
2024-01-25,54.939998626708984,47.398048400878906
2024-01-26,54.060001373291016,46.63884735107422
2024-01-29,54.06999969482422,46.64748001098633
2024-01-30,54.470001220703125,46.99256896972656
2024-01-31,53.599998474121094,46.24199676513672
2024-02-01,53.540000915527344,46.19023895263672
2024-02-02,53.41999816894531,46.086708068847656
2024-02-05,53.15999984741211,45.86240005493164
2024-02-06,54.040000915527344,46.62160110473633
2024-02-07,54.09000015258789,46.66473388671875
2024-02-08,53.880001068115234,46.48356628417969
2024-02-09,53.9900016784668,46.578468322753906
2024-02-12,54.790000915527344,47.26864242553711
2024-02-13,53.18000030517578,45.879661560058594
2024-02-14,53.58000183105469,46.22474670410156
2024-02-15,55.16999816894531,47.596473693847656
2024-02-16,55.47999954223633,47.86391830444336
2024-02-20,54.709999084472656,47.19962692260742
2024-02-21,55.75,48.09685516357422
2024-02-22,56.0,48.31253433227539
2024-02-23,56.38999938964844,48.64900207519531
2024-02-26,56.06999969482422,48.3729248046875
2024-02-27,56.27000045776367,48.545475006103516
2024-02-28,55.099998474121094,48.13488006591797
2024-02-29,55.880001068115234,48.81629180908203
2024-03-01,55.77000045776367,48.72019577026367
2024-03-04,57.02000045776367,49.81217956542969
2024-03-05,56.97999954223633,49.7772331237793
2024-03-06,56.86000061035156,49.67240524291992
2024-03-07,56.939998626708984,49.74229431152344
2024-03-08,56.61000061035156,49.454010009765625
2024-03-11,57.43000030517578,50.17035675048828
2024-03-12,57.68000030517578,50.38874816894531
2024-03-13,57.970001220703125,50.64208984375
2024-03-14,57.31999969482422,50.07425308227539
2024-03-15,57.040000915527344,49.829654693603516
2024-03-18,56.7400016784668,49.56758117675781
2024-03-19,56.7599983215332,49.585044860839844
2024-03-20,58.16999816894531,50.816810607910156
2024-03-21,57.93000030517578,50.607147216796875
2024-03-22,57.68000030517578,50.38874816894531
2024-03-25,57.38999938964844,50.135406494140625
2024-03-26,57.06999969482422,49.85586166381836
2024-03-27,58.13999938964844,50.79059982299805
2024-03-28,57.93000030517578,50.607147216796875
2024-04-01,58.2599983215332,50.89543533325195
2024-04-02,59.290000915527344,51.79523468017578
2024-04-03,59.9900016784668,52.40675354003906
2024-04-04,59.86000061035156,52.293182373046875
2024-04-05,59.689998626708984,52.14466857910156
2024-04-08,59.52000045776367,51.99616241455078
2024-04-09,59.869998931884766,52.301918029785156
2024-04-10,58.849998474121094,51.410850524902344
2024-04-11,58.459999084472656,51.070152282714844
2024-04-12,57.689998626708984,50.39748764038086
2024-04-15,57.31999969482422,50.07425308227539
2024-04-16,56.86000061035156,49.67240524291992
2024-04-17,56.81999969482422,49.63745880126953
2024-04-18,56.4900016784668,49.34918212890625
2024-04-19,56.65999984741211,49.49768829345703
2024-04-22,56.9900016784668,49.785972595214844
2024-04-23,56.7400016784668,49.56758117675781
2024-04-24,56.97999954223633,49.7772331237793
2024-04-25,56.439998626708984,49.30549621582031
2024-04-26,57.290000915527344,50.04804992675781
2024-04-29,57.79999923706055,50.49357986450195
2024-04-30,56.900001525878906,49.70735168457031
2024-05-01,57.22999954223633,49.99563980102539
2024-05-02,56.83000183105469,49.64619827270508
2024-05-03,57.040000915527344,49.829654693603516
2024-05-06,57.34000015258789,50.09172821044922
2024-05-07,58.36000061035156,50.98279571533203
2024-05-08,58.63999938964844,51.22740173339844
2024-05-09,59.45000076293945,51.93500518798828
2024-05-10,59.40999984741211,51.90006637573242
2024-05-13,59.36000061035156,51.856388092041016
2024-05-14,59.650001525878906,52.1097297668457
2024-05-15,59.060001373291016,51.59430694580078
2024-05-16,58.70000076293945,51.279815673828125
2024-05-17,59.189998626708984,51.70787048339844
2024-05-20,59.2400016784668,51.75155258178711
2024-05-21,58.90999984741211,51.4632682800293
2024-05-22,57.599998474121094,50.3188591003418
2024-05-23,56.91999816894531,49.724822998046875
2024-05-24,57.7599983215332,50.458641052246094
2024-05-28,58.040000915527344,50.703243255615234
2024-05-29,57.0,49.794708251953125
2024-05-30,57.38999938964844,50.135406494140625
2024-05-31,57.630001068115234,50.96672821044922
2024-06-03,56.06999969482422,49.58709716796875
2024-06-04,55.150001525878906,48.77346420288086
2024-06-05,55.689998626708984,49.25102996826172
2024-06-06,55.68000030517578,49.242191314697266
2024-06-07,55.72999954223633,49.286407470703125
2024-06-10,56.04999923706055,49.56940460205078
2024-06-11,56.150001525878906,49.65784454345703
2024-06-12,56.25,49.74628448486328
2024-06-13,56.060001373291016,49.57825469970703
2024-06-14,55.02000045776367,48.65850067138672
2024-06-17,55.22999954223633,48.844215393066406
2024-06-18,55.439998626708984,49.029937744140625
2024-06-20,54.209999084472656,47.9421501159668
2024-06-21,53.9900016784668,47.747589111328125
2024-06-24,54.619998931884766,48.304744720458984
2024-06-25,53.15999984741211,47.0135498046875
2024-06-26,53.20000076293945,47.048927307128906
2024-06-27,52.959999084472656,46.83667755126953
2024-06-28,53.04999923706055,46.91627502441406
2024-07-01,52.630001068115234,46.54483413696289
2024-07-02,52.709999084472656,46.61558532714844
2024-07-03,52.880001068115234,46.76593017578125
2024-07-05,52.22999954223633,46.191078186035156
2024-07-08,52.79999923706055,46.6951789855957
2024-07-09,51.58000183105469,45.616241455078125
2024-07-10,51.709999084472656,45.731201171875
2024-07-11,52.40999984741211,46.35026931762695
2024-07-12,52.90999984741211,46.792457580566406
2024-07-15,53.27000045776367,47.11083221435547
2024-07-16,54.70000076293945,48.37550354003906
2024-07-17,55.40999984741211,49.00340270996094
2024-07-18,54.77000045776367,48.437408447265625
2024-07-19,53.900001525878906,47.66799545288086
2024-07-22,54.41999816894531,48.127872467041016
2024-07-23,54.06999969482422,47.81834030151367
2024-07-24,53.31999969482422,47.15505599975586
2024-07-25,52.849998474121094,46.7393913269043
2024-07-26,52.86000061035156,46.74824142456055
2024-07-29,52.86000061035156,46.74824142456055
2024-07-30,53.689998626708984,47.48227310180664
2024-07-31,54.470001220703125,48.17209243774414
2024-08-01,53.279998779296875,47.11967849731445
2024-08-02,52.0099983215332,45.99651336669922
2024-08-05,51.0099983215332,45.11213684082031
2024-08-06,52.47999954223633,46.41218185424805
2024-08-07,52.16999816894531,46.13801956176758
2024-08-08,52.66999816894531,46.58020782470703
2024-08-09,52.65999984741211,46.57136535644531
2024-08-12,52.220001220703125,46.18223571777344
2024-08-13,52.7599983215332,46.6598014831543
2024-08-14,52.7599983215332,46.6598014831543
2024-08-15,53.869998931884766,47.64146041870117
2024-08-16,53.90999984741211,47.67683792114258
2024-08-19,53.650001525878906,47.4468994140625
2024-08-20,52.720001220703125,46.624427795410156
2024-08-21,52.95000076293945,46.82783889770508
2024-08-22,52.560001373291016,46.48292541503906
2024-08-23,53.529998779296875,47.34077453613281
2024-08-26,54.029998779296875,47.782962799072266
2024-08-27,53.77000045776367,47.55302429199219
2024-08-28,53.5099983215332,47.32307815551758
2024-08-29,53.86000061035156,47.63261795043945
2024-08-30,53.58000183105469,48.008949279785156
2024-09-03,51.93000030517578,46.530513763427734
2024-09-04,51.58000183105469,46.21690368652344
2024-09-05,51.310001373291016,45.974979400634766
2024-09-06,50.68000030517578,45.41048049926758
2024-09-09,51.29999923706055,45.96601104736328
2024-09-10,50.81999969482422,45.535919189453125
2024-09-11,50.72999954223633,45.455284118652344
2024-09-12,50.2599983215332,45.03415298461914
2024-09-13,50.150001525878906,44.93559265136719
2024-09-16,50.65999984741211,45.39256286621094
2024-09-17,51.5099983215332,46.154178619384766
2024-09-18,51.63999938964844,46.270660400390625
2024-09-19,52.88999938964844,47.39069366455078
2024-09-20,51.709999084472656,46.3333854675293
2024-09-23,52.040000915527344,46.62907409667969
2024-09-24,53.45000076293945,47.89247131347656
2024-09-25,52.84000015258789,47.34589385986328
2024-09-26,54.720001220703125,49.030418395996094
2024-09-27,55.08000183105469,49.352989196777344
2024-09-30,54.630001068115234,48.94977569580078
2024-10-01,54.540000915527344,48.869136810302734
2024-10-02,54.68000030517578,48.99457550048828
2024-10-03,54.5,48.833290100097656
2024-10-04,55.34000015258789,49.58595275878906
2024-10-07,54.619998931884766,48.94081497192383
2024-10-08,53.209999084472656,47.67741775512695
2024-10-09,53.41999816894531,47.86558151245117
2024-10-10,53.619998931884766,48.044795989990234
2024-10-11,53.779998779296875,48.18815231323242
2024-10-14,53.540000915527344,47.97311019897461
2024-10-15,52.56999969482422,47.10396194458008
2024-10-16,52.939998626708984,47.43549346923828
2024-10-17,53.08000183105469,47.560935974121094
2024-10-18,53.11000061035156,47.58781433105469
2024-10-21,52.209999084472656,46.78139877319336
2024-10-22,52.06999969482422,46.65595245361328
2024-10-23,51.4900016784668,46.136260986328125
2024-10-24,50.9900016784668,45.68824768066406
2024-10-25,49.70000076293945,44.532379150390625
2024-10-28,50.11000061035156,44.89975357055664
2024-10-29,49.47999954223633,44.33525466918945
2024-10-30,49.34000015258789,44.209808349609375
2024-10-31,49.380001068115234,44.24565124511719
2024-11-01,48.970001220703125,43.8782844543457
2024-11-04,47.95000076293945,42.96433639526367
2024-11-05,47.900001525878906,42.919532775878906
2024-11-06,48.349998474121094,43.32274627685547
2024-11-07,48.900001525878906,43.8155632019043
2024-11-08,46.4900016784668,41.65614700317383
2024-11-11,46.27000045776367,41.45901870727539
2024-11-12,45.040000915527344,40.35690689086914
2024-11-13,44.9900016784668,40.312110900878906
2024-11-14,44.59000015258789,39.953697204589844
2024-11-15,44.040000915527344,39.46088790893555
2024-11-18,44.220001220703125,39.622161865234375
2024-11-19,43.650001525878906,39.1114387512207
2024-11-20,43.93000030517578,39.36231994628906
2024-11-21,44.810001373291016,40.15081787109375
2024-11-22,45.459999084472656,40.73323440551758
2024-11-25,45.869998931884766,41.10060501098633
2024-11-26,44.540000915527344,39.90890121459961
2024-11-27,44.63999938964844,39.998497009277344
2024-11-29,44.209999084472656,40.2442741394043
2024-12-02,44.380001068115234,40.399024963378906
2024-12-03,43.869998931884766,39.934776306152344
2024-12-04,42.849998474121094,39.00627517700195
2024-12-05,42.189998626708984,38.40547180175781
2024-12-06,41.9900016784668,38.22342300415039
2024-12-09,42.72999954223633,38.897037506103516
2024-12-10,42.18000030517578,38.3963737487793
2024-12-11,41.5,37.777374267578125
2024-12-12,41.279998779296875,37.57710647583008
2024-12-13,40.86000061035156,37.19477844238281
2024-12-16,40.11000061035156,36.512054443359375
2024-12-17,40.56999969482422,36.9307975769043
2024-12-18,40.150001525878906,36.54846954345703
2024-12-19,39.099998474121094,35.592655181884766
2024-12-20,39.939998626708984,36.357303619384766
2024-12-23,39.970001220703125,36.38461685180664
2024-12-24,40.09000015258789,36.49385070800781
2024-12-26,40.220001220703125,36.612186431884766
2024-12-27,40.029998779296875,36.43923568725586
2024-12-30,39.439998626708984,35.902156829833984
2024-12-31,40.130001068115234,36.53026580810547
2025-01-02,39.54999923706055,36.00228500366211
2025-01-03,39.400001525878906,35.865745544433594
2025-01-06,39.75,36.184349060058594
2025-01-07,39.40999984741211,35.87485122680664
2025-01-08,38.91999816894531,35.428802490234375
2025-01-10,38.5,35.04647445678711
2025-01-13,39.66999816894531,36.11152267456055
2025-01-14,40.08000183105469,36.4847526550293
2025-01-15,40.400001525878906,36.77604675292969
2025-01-16,40.869998931884766,37.20388412475586
2025-01-17,41.040000915527344,37.35863494873047
2025-01-21,41.58000183105469,37.850196838378906
2025-01-22,40.81999969482422,37.15836715698242
2025-01-23,41.470001220703125,37.750064849853516
2025-01-24,41.369998931884766,37.659034729003906
2025-01-27,41.91999816894531,38.15969467163086
2025-01-28,41.41999816894531,37.70454788208008
2025-01-29,41.04999923706055,37.367740631103516
2025-01-30,38.54999923706055,35.09199142456055
2025-01-31,39.04999923706055,35.547142028808594
2025-02-03,37.380001068115234,34.026947021484375
2025-02-04,38.54999923706055,35.09199142456055
2025-02-05,37.95000076293945,34.54581069946289
2025-02-06,38.77000045776367,35.292259216308594
2025-02-07,38.58000183105469,35.11930465698242
2025-02-10,38.56999969482422,35.110198974609375
2025-02-11,38.630001068115234,35.16481399536133
2025-02-12,38.2599983215332,34.828006744384766
2025-02-13,38.34000015258789,34.90083312988281
2025-02-14,38.66999816894531,35.20122528076172
2025-02-18,39.720001220703125,36.157047271728516
2025-02-19,38.91999816894531,35.428802490234375
2025-02-20,39.59000015258789,36.03870391845703
2025-02-21,39.5099983215332,35.96587371826172
2025-02-24,39.04999923706055,35.547142028808594
2025-02-25,39.22999954223633,35.710994720458984
2025-02-26,38.849998474121094,35.365081787109375
2025-02-27,38.43000030517578,34.982757568359375
2025-02-28,38.11000061035156,35.335086822509766
2025-03-03,36.060001373291016,33.43436050415039
2025-03-04,35.619998931884766,33.026390075683594
2025-03-05,37.779998779296875,35.029117584228516
2025-03-06,37.439998626708984,34.713871002197266
2025-03-07,37.45000076293945,34.72315216064453
2025-03-10,37.400001525878906,34.676788330078125
2025-03-11,36.66999816894531,33.99993896484375
2025-03-12,35.75,33.14692687988281
2025-03-13,36.22999954223633,33.59197235107422
2025-03-14,36.970001220703125,34.27809524536133
2025-03-17,37.5099983215332,34.77877426147461
2025-03-18,37.61000061035156,34.87149429321289
2025-03-19,37.189998626708984,34.48207473754883
2025-03-20,36.61000061035156,33.944305419921875
2025-03-21,36.16999816894531,33.53634262084961
2025-03-24,36.290000915527344,33.64760971069336
2025-03-25,35.31999969482422,32.748233795166016
2025-03-26,35.58000183105469,32.98930358886719
2025-03-27,35.2400016784668,32.6740608215332
2025-03-28,34.36000061035156,31.858137130737305
2025-03-31,34.91999816894531,32.37736129760742
2025-04-01,34.61000061035156,32.08993148803711
2025-04-02,34.88999938964844,32.349544525146484
2025-04-03,31.459999084472656,29.169294357299805
2025-04-04,28.200000762939453,26.14666748046875
2025-04-07,27.520000457763672,25.51618003845215
2025-04-08,25.809999465942383,23.93069076538086
2025-04-09,29.860000610351562,27.68579864501953
2025-04-10,27.290000915527344,25.302927017211914
2025-04-11,28.43000030517578,26.359920501708984
2025-04-14,28.8799991607666,26.777151107788086
2025-04-15,27.700000762939453,25.683076858520508
2025-04-16,27.469999313354492,25.469818115234375
2025-04-17,28.149999618530273,26.10030746459961
2025-04-21,28.1200008392334,26.072492599487305
2025-04-22,29.0,26.888416290283203
2025-04-23,29.0,26.888416290283203
2025-04-24,29.760000228881836,27.59307861328125
2025-04-25,30.020000457763672,27.83414649963379
2025-04-28,29.950000762939453,27.769243240356445
2025-04-29,30.649999618530273,28.418275833129883
2025-04-30,30.59000015258789,28.362640380859375
2025-05-01,30.530000686645508,28.307010650634766
2025-05-02,30.420000076293945,28.205020904541016
2025-05-05,28.950000762939453,26.842056274414062
2025-05-06,28.799999237060547,26.70297622680664
2025-05-07,28.450000762939453,26.378463745117188
2025-05-08,29.239999771118164,27.11094093322754
2025-05-09,29.479999542236328,27.333465576171875
2025-05-12,30.979999542236328,28.724245071411133
2025-05-13,30.770000457763672,28.529537200927734
2025-05-14,30.170000076293945,27.973224639892578
2025-05-15,29.899999618530273,27.722885131835938
2025-05-16,30.190000534057617,27.99176788330078
2025-05-19,30.110000610351562,27.91759490966797
2025-05-20,29.790000915527344,27.620893478393555
2025-05-21,28.75,26.656618118286133
2025-05-22,28.670000076293945,26.582443237304688
2025-05-23,28.31999969482422,26.2579288482666
2025-05-27,28.920000076293945,26.814241409301758
2025-05-28,28.34000015258789,26.276473999023438
2025-05-29,28.790000915527344,26.693706512451172
2025-05-30,27.739999771118164,26.361103057861328
2025-06-02,27.200000762939453,25.847946166992188
2025-06-03,27.790000915527344,26.408620834350586
2025-06-04,28.280000686645508,26.8742618560791
2025-06-05,28.18000030517578,26.779232025146484
2025-06-06,28.549999237060547,27.130842208862305
2025-06-09,29.389999389648438,27.92908477783203
2025-06-10,30.700000762939453,29.17397117614746
2025-06-11,30.68000030517578,29.15496253967285
2025-06-12,30.139999389648438,28.641803741455078
2025-06-13,29.899999618530273,28.41373634338379
2025-06-16,30.56999969482422,29.050430297851562
2025-06-17,29.440000534057617,27.97660255432129
2025-06-18,28.5,27.08332633972168
2025-06-20,27.760000228881836,26.380111694335938
2025-06-23,26.8700008392334,25.534351348876953
2025-06-24,27.530000686645508,26.161544799804688
2025-06-25,26.81999969482422,25.48683738708496
2025-06-26,27.149999618530273,25.800432205200195
2025-06-27,27.0,25.657886505126953
2025-06-30,26.479999542236328,25.16373634338379
2025-07-01,27.829999923706055,26.44662857055664
2025-07-02,28.729999542236328,27.30189323425293
2025-07-03,28.459999084472656,27.04531478881836
2025-07-07,27.479999542236328,26.114028930664062
2025-07-08,29.059999465942383,27.615489959716797
2025-07-09,29.84000015258789,28.356719970703125
2025-07-10,30.229999542236328,28.727333068847656
2025-07-11,29.549999237060547,28.081130981445312
2025-07-14,28.25,26.845752716064453
2025-07-15,27.989999771118164,26.598676681518555
2025-07-16,28.139999389648438,26.74121856689453
2025-07-17,28.459999084472656,27.04531478881836
2025-07-18,28.34000015258789,26.9312801361084
2025-07-21,28.389999389648438,26.97879409790039
2025-07-22,29.65999984741211,28.1856632232666
2025-07-23,30.3700008392334,28.860374450683594
2025-07-24,25.06999969482422,23.82382583618164
2025-07-25,25.510000228881836,24.24195098876953
2025-07-28,25.709999084472656,24.432010650634766
2025-07-29,25.18000030517578,23.928356170654297
2025-07-30,23.920000076293945,22.730989456176758
2025-07-31,23.290000915527344,22.132305145263672
2025-08-01,21.790000915527344,20.70686912536621
2025-08-04,21.59000015258789,20.516807556152344
2025-08-05,22.3799991607666,21.26753807067871
2025-08-06,21.299999237060547,20.241220474243164
2025-08-07,21.610000610351562,20.53581428527832
2025-08-08,21.219999313354492,20.165197372436523
2025-08-11,20.8700008392334,19.832597732543945
2025-08-12,21.709999084472656,20.630842208862305
2025-08-13,22.920000076293945,21.780696868896484
2025-08-14,23.3700008392334,22.208328247070312
2025-08-15,23.360000610351562,22.19882583618164
2025-08-18,23.239999771118164,22.084787368774414
2025-08-19,23.530000686645508,22.360374450683594
2025-08-20,24.079999923706055,22.88303565979004
2025-08-21,23.690000534057617,22.512422561645508
2025-08-22,25.110000610351562,23.861835479736328
2025-08-25,24.920000076293945,23.6812801361084
2025-08-26,24.739999771118164,23.51022720336914
2025-08-27,24.739999771118164,23.51022720336914
2025-08-28,24.56999969482422,23.348676681518555
2025-08-29,24.6299991607666,23.743928909301758
2025-09-02,24.40999984741211,23.531843185424805
2025-09-03,23.93000030517578,23.069110870361328
2025-09-04,23.90999984741211,23.049829483032227
2025-09-05,24.5,23.618606567382812
2025-09-08,23.979999542236328,23.117311477661133
2025-09-09,24.139999389648438,23.271556854248047
2025-09-10,23.829999923706055,22.97270965576172
2025-09-11,25.020000457763672,24.119897842407227
2025-09-12,25.040000915527344,24.139179229736328
2025-09-15,24.170000076293945,23.300477981567383
2025-09-16,24.479999542236328,23.59932518005371
2025-09-17,24.540000915527344,23.657169342041016
2025-09-18,24.110000610351562,23.242637634277344
2025-09-19,23.489999771118164,22.644939422607422
2025-09-22,23.170000076293945,22.33645248413086
2025-09-23,22.860000610351562,22.03760528564453
2025-09-24,23.1299991607666,22.29789161682129
2025-09-25,22.200000762939453,21.401350021362305
2025-09-26,22.959999084472656,22.13400650024414
2025-09-29,22.889999389648438,22.066524505615234
2025-09-30,22.93000030517578,22.105087280273438
2025-10-01,23.049999237060547,22.220767974853516
2025-10-02,23.690000534057617,22.83774757385254
2025-10-03,23.81999969482422,22.96306800842285
2025-10-06,23.420000076293945,22.577457427978516
2025-10-07,22.5,21.690555572509766
2025-10-08,22.600000381469727,21.786958694458008
2025-10-09,22.079999923706055,21.285663604736328
2025-10-10,20.649999618530273,19.9071102142334
2025-10-13,21.420000076293945,20.649410247802734
2025-10-14,21.920000076293945,21.13142204284668
2025-10-15,22.200000762939453,21.401350021362305
2025-10-16,21.899999618530273,21.112140655517578
2025-10-17,21.889999389648438,21.102500915527344
2025-10-20,21.6299991607666,20.851852416992188
2025-10-21,21.75,20.967538833618164
2025-10-22,21.700000762939453,20.919336318969727
2025-10-23,24.510000228881836,23.628246307373047
2025-10-24,24.809999465942383,23.917451858520508
2025-10-27,25.729999542236328,24.80435562133789
2025-10-28,25.3799991607666,24.46694564819336
2025-10-29,24.860000610351562,23.965656280517578
2025-10-30,23.799999237060547,22.943788528442383
2025-10-31,23.850000381469727,22.991989135742188
2025-11-03,23.229999542236328,22.3942928314209
2025-11-04,22.59000015258789,21.777318954467773
2025-11-05,22.770000457763672,21.950843811035156
2025-11-06,22.219999313354492,21.420629501342773
2025-11-07,22.290000915527344,21.48811149597168
2025-11-10,22.100000381469727,21.304946899414062
2025-11-11,22.309999465942383,21.50739097595215
2025-11-12,22.18000030517578,21.382070541381836
2025-11-13,23.110000610351562,22.27861213684082
2025-11-14,22.93000030517578,22.105087280273438
2025-11-17,21.670000076293945,20.89041519165039
2025-11-18,21.850000381469727,21.063940048217773
2025-11-19,21.309999465942383,20.543365478515625
2025-11-20,20.950000762939453,20.196317672729492
2025-11-21,22.200000762939453,21.401350021362305
2025-11-24,22.530000686645508,21.719478607177734
2025-11-25,23.200000762939453,22.365373611450195
2025-11-26,23.90999984741211,23.049829483032227
2025-11-28,23.850000381469727,23.33355140686035
2025-12-01,23.84000015258789,23.323768615722656
2025-12-02,23.860000610351562,23.343334197998047
2025-12-03,23.760000228881836,23.245500564575195
2025-12-04,22.8700008392334,22.374773025512695
2025-12-05,22.959999084472656,22.46282196044922
2025-12-08,22.860000610351562,22.364990234375
2025-12-09,23.110000610351562,22.609577178955078
2025-12-10,24.59000015258789,24.057527542114258
2025-12-11,24.579999923706055,24.047744750976562
2025-12-12,23.969999313354492,23.450952529907227
2025-12-15,23.450000762939453,22.94221305847168
2025-12-16,22.84000015258789,22.345420837402344
2025-12-17,23.06999969482422,22.57044219970703
2025-12-18,23.040000915527344,22.541091918945312
2025-12-19,23.260000228881836,22.756328582763672
2025-12-22,23.420000076293945,22.91286277770996
2025-12-23,22.899999618530273,22.404123306274414
2025-12-24,23.059999465942383,22.560657501220703
2025-12-26,23.290000915527344,22.78567886352539
2025-12-29,23.350000381469727,22.844379425048828
2025-12-30,23.510000228881836,23.00091552734375
